year,checkpoint,calendar_month,simulation_month,promotion,roster,target,cap,cash,runway,stability,free_agents,world_contracted
2046,December,December,252,Absolute Championship Akhmat,85,144,168,8944589,3456000,30,1017,767
2046,December,December,252,BAMMA,65,144,168,3946389,3456000,28,1017,767
2046,December,December,252,BRAVE Combat Federation,64,144,168,6314456,3456000,30,1017,767
2046,December,December,252,Cage Warriors,65,160,184,2692932,3840000,26,1017,767
2046,December,December,252,KSW,53,160,184,2192561,3840000,26,1017,767
2046,December,December,252,Legacy Fighting Alliance,64,144,168,7056846,3456000,30,1017,767
2046,December,December,252,ONE Championship,54,200,224,2687991,4800000,31,1017,767
2046,December,December,252,Oktagon MMA,71,160,184,3875259,3840000,27,1017,767
2046,December,December,252,Professional Fighters League,104,200,224,10057824,4800000,44,1017,767
2046,December,December,252,RIZIN Fighting Federation,54,176,200,5387271,4224000,40,1017,767
2046,December,December,252,Ultimate Fighting Championship,88,280,304,8456031,6720000,29,1017,767
2047,July,July,259,Absolute Championship Akhmat,97,144,168,16062575,3456000,34,642,926
2047,July,July,259,BAMMA,78,144,168,5540808,3456000,29,642,926
2047,July,July,259,BRAVE Combat Federation,83,144,168,16411946,3456000,34,642,926
2047,July,July,259,Cage Warriors,91,160,184,5270791,3840000,30,642,926
2047,July,July,259,KSW,35,160,184,3021911,3840000,26,642,926
2047,July,July,259,Legacy Fighting Alliance,81,144,168,12795979,3456000,33,642,926
2047,July,July,259,ONE Championship,71,200,224,11724370,4800000,37,642,926
2047,July,July,259,Oktagon MMA,87,160,184,13041774,3840000,31,642,926
2047,July,July,259,Professional Fighters League,104,200,224,12621724,4800000,45,642,926
2047,July,July,259,RIZIN Fighting Federation,83,176,200,20751779,4224000,46,642,926
2047,July,July,259,Ultimate Fighting Championship,116,280,304,16441390,6720000,32,642,926
2047,December,December,264,Absolute Championship Akhmat,106,144,168,21072121,3456000,37,382,1102
2047,December,December,264,BAMMA,89,144,168,6913847,3456000,31,382,1102
2047,December,December,264,BRAVE Combat Federation,96,144,168,20887320,3456000,38,382,1102
2047,December,December,264,Cage Warriors,102,160,184,7449994,3840000,33,382,1102
2047,December,December,264,KSW,55,160,184,2707451,3840000,27,382,1102
2047,December,December,264,Legacy Fighting Alliance,92,144,168,10770157,3456000,32,382,1102
2047,December,December,264,ONE Championship,98,200,224,13533279,4800000,40,382,1102
2047,December,December,264,Oktagon MMA,102,160,184,13555466,3840000,32,382,1102
2047,December,December,264,Professional Fighters League,118,200,224,19005166,4800000,48,382,1102
2047,December,December,264,RIZIN Fighting Federation,104,176,200,20228103,4224000,47,382,1102
2047,December,December,264,Ultimate Fighting Championship,140,280,304,24036182,6720000,34,382,1102
2048,July,July,271,Absolute Championship Akhmat,114,144,168,25500470,3456000,41,382,1337
2048,July,July,271,BAMMA,105,144,168,9852577,3456000,33,382,1337
2048,July,July,271,BRAVE Combat Federation,111,144,168,33090845,3456000,45,382,1337
2048,July,July,271,Cage Warriors,117,160,184,11723440,3840000,37,382,1337
2048,July,July,271,KSW,92,160,184,7019461,3840000,30,382,1337
2048,July,July,271,Legacy Fighting Alliance,108,144,168,15880449,3456000,37,382,1337
2048,July,July,271,ONE Championship,128,200,224,17771139,4800000,42,382,1337
2048,July,July,271,Oktagon MMA,118,160,184,17848577,3840000,34,382,1337
2048,July,July,271,Professional Fighters League,139,200,224,30282527,4800000,52,382,1337
2048,July,July,271,RIZIN Fighting Federation,126,176,200,29110423,4224000,51,382,1337
2048,July,July,271,Ultimate Fighting Championship,179,280,304,36115685,6720000,37,382,1337
2048,December,December,276,Absolute Championship Akhmat,121,144,168,26148872,3456000,42,390,1472
2048,December,December,276,BAMMA,112,144,168,10391280,3456000,34,390,1472
2048,December,December,276,BRAVE Combat Federation,120,144,168,33398721,3456000,47,390,1472
2048,December,December,276,Cage Warriors,127,160,184,17031433,3840000,41,390,1472
2048,December,December,276,KSW,109,160,184,6668609,3840000,30,390,1472
2048,December,December,276,Legacy Fighting Alliance,115,144,168,19611657,3456000,42,390,1472
2048,December,December,276,ONE Championship,147,200,224,24213180,4800000,45,390,1472
2048,December,December,276,Oktagon MMA,126,160,184,23816974,3840000,36,390,1472
2048,December,December,276,Professional Fighters League,155,200,224,37223898,4800000,55,390,1472
2048,December,December,276,RIZIN Fighting Federation,137,176,200,33166017,4224000,53,390,1472
2048,December,December,276,Ultimate Fighting Championship,203,280,304,52837692,6720000,41,390,1472
2049,July,July,283,Absolute Championship Akhmat,125,144,168,27652543,3456000,44,400,1601
2049,July,July,283,BAMMA,122,144,168,13434653,3456000,37,400,1601
2049,July,July,283,BRAVE Combat Federation,126,144,168,41636198,3456000,54,400,1601
2049,July,July,283,Cage Warriors,139,160,184,20923420,3840000,44,400,1601
2049,July,July,283,KSW,126,160,184,19037940,3840000,37,400,1601
2049,July,July,283,Legacy Fighting Alliance,124,144,168,27030463,3456000,48,400,1601
2049,July,July,283,ONE Championship,164,200,224,32933128,4800000,49,400,1601
2049,July,July,283,Oktagon MMA,137,160,184,22083312,3840000,37,400,1601
2049,July,July,283,Professional Fighters League,165,200,224,42358166,4800000,58,400,1601
2049,July,July,283,RIZIN Fighting Federation,146,176,200,37817128,4224000,57,400,1601
2049,July,July,283,Ultimate Fighting Championship,227,280,304,58442842,6720000,43,400,1601
2049,December,December,288,Absolute Championship Akhmat,128,144,168,31305905,3456000,47,404,1658
2049,December,December,288,BAMMA,125,144,168,15833688,3456000,39,404,1658
2049,December,December,288,BRAVE Combat Federation,130,144,168,45551766,3456000,59,404,1658
2049,December,December,288,Cage Warriors,140,160,184,22357503,3840000,46,404,1658
2049,December,December,288,KSW,133,160,184,22927780,3840000,39,404,1658
2049,December,December,288,Legacy Fighting Alliance,128,144,168,24968286,3456000,48,404,1658
2049,December,December,288,ONE Championship,174,200,224,46190074,4800000,53,404,1658
2049,December,December,288,Oktagon MMA,139,160,184,29388316,3840000,40,404,1658
2049,December,December,288,Professional Fighters League,172,200,224,45692207,4800000,61,404,1658
2049,December,December,288,RIZIN Fighting Federation,154,176,200,42331734,4224000,61,404,1658
2049,December,December,288,Ultimate Fighting Championship,235,280,304,64937169,6720000,46,404,1658
2050,July,July,295,Absolute Championship Akhmat,133,144,168,35611358,3456000,49,408,1724
2050,July,July,295,BAMMA,129,144,168,20541311,3456000,43,408,1724
2050,July,July,295,BRAVE Combat Federation,134,144,168,49906117,3456000,64,408,1724
2050,July,July,295,Cage Warriors,143,160,184,23428468,3840000,49,408,1724
2050,July,July,295,KSW,140,160,184,22222322,3840000,40,408,1724
2050,July,July,295,Legacy Fighting Alliance,134,144,168,30001849,3456000,52,408,1724
2050,July,July,295,ONE Championship,182,200,224,47050699,4800000,55,408,1724
2050,July,July,295,Oktagon MMA,144,160,184,34613298,3840000,44,408,1724
2050,July,July,295,Professional Fighters League,181,200,224,43550526,4800000,62,408,1724
2050,July,July,295,RIZIN Fighting Federation,156,176,200,40650169,4224000,63,408,1724
2050,July,July,295,Ultimate Fighting Championship,248,280,304,76754005,6720000,50,408,1724
2050,December,December,300,Absolute Championship Akhmat,138,144,168,36981038,3456000,51,408,1773
2050,December,December,300,BAMMA,133,144,168,19692054,3456000,45,408,1773
2050,December,December,300,BRAVE Combat Federation,139,144,168,53143859,3456000,69,408,1773
2050,December,December,300,Cage Warriors,148,160,184,24199239,3840000,51,408,1773
2050,December,December,300,KSW,144,160,184,32967172,3840000,45,408,1773
2050,December,December,300,Legacy Fighting Alliance,139,144,168,31743486,3456000,55,408,1773
2050,December,December,300,ONE Championship,185,200,224,49154671,4800000,57,408,1773
2050,December,December,300,Oktagon MMA,146,160,184,41742317,3840000,48,408,1773
2050,December,December,300,Professional Fighters League,184,200,224,47061675,4800000,65,408,1773
2050,December,December,300,RIZIN Fighting Federation,160,176,200,39887406,4224000,65,408,1773
2050,December,December,300,Ultimate Fighting Championship,257,280,304,68216850,6720000,50,408,1773
2051,July,July,307,Absolute Championship Akhmat,143,144,168,44332514,3456000,55,409,1822
2051,July,July,307,BAMMA,138,144,168,23091815,3456000,50,409,1822
2051,July,July,307,BRAVE Combat Federation,142,144,168,50933604,3456000,72,409,1822
2051,July,July,307,Cage Warriors,152,160,184,25754839,3840000,54,409,1822
2051,July,July,307,KSW,148,160,184,32187212,3840000,47,409,1822
2051,July,July,307,Legacy Fighting Alliance,144,144,168,33513229,3456000,58,409,1822
2051,July,July,307,ONE Championship,191,200,224,49757302,4800000,60,409,1822
2051,July,July,307,Oktagon MMA,150,160,184,45676219,3840000,51,409,1822
2051,July,July,307,Professional Fighters League,188,200,224,48281113,4800000,68,409,1822
2051,July,July,307,RIZIN Fighting Federation,166,176,200,55810622,4224000,70,409,1822
2051,July,July,307,Ultimate Fighting Championship,260,280,304,71020878,6720000,52,409,1822
2051,December,December,312,Absolute Championship Akhmat,144,144,168,48994479,3456000,58,410,1853
2051,December,December,312,BAMMA,141,144,168,22899331,3456000,51,410,1853
2051,December,December,312,BRAVE Combat Federation,144,144,168,50136266,3456000,72,410,1853
2051,December,December,312,Cage Warriors,157,160,184,27009010,3840000,57,410,1853
2051,December,December,312,KSW,153,160,184,34864854,3840000,50,410,1853
2051,December,December,312,Legacy Fighting Alliance,144,144,168,34001855,3456000,61,410,1853
2051,December,December,312,ONE Championship,192,200,224,49894840,4800000,62,410,1853
2051,December,December,312,Oktagon MMA,152,160,184,56138749,3840000,55,410,1853
2051,December,December,312,Professional Fighters League,192,200,224,54949881,4800000,72,410,1853
2051,December,December,312,RIZIN Fighting Federation,170,176,200,49085551,4224000,70,410,1853
2051,December,December,312,Ultimate Fighting Championship,264,280,304,75047809,6720000,54,410,1853
2052,July,July,319,Absolute Championship Akhmat,144,144,168,60604763,3456000,64,412,1885
2052,July,July,319,BAMMA,144,144,168,23393477,3456000,52,412,1885
2052,July,July,319,BRAVE Combat Federation,144,144,168,55122684,3456000,76,412,1885
2052,July,July,319,Cage Warriors,160,160,184,33069425,3840000,62,412,1885
2052,July,July,319,KSW,157,160,184,36261264,3840000,52,412,1885
2052,July,July,319,Legacy Fighting Alliance,144,144,168,35090931,3456000,65,412,1885
2052,July,July,319,ONE Championship,196,200,224,60216398,4800000,66,412,1885
2052,July,July,319,Oktagon MMA,155,160,184,54483294,3840000,57,412,1885
2052,July,July,319,Professional Fighters League,199,200,224,58283911,4800000,75,412,1885
2052,July,July,319,RIZIN Fighting Federation,174,176,200,49055805,4224000,72,412,1885
2052,July,July,319,Ultimate Fighting Championship,268,280,304,86629063,6720000,57,412,1885
2052,December,December,324,Absolute Championship Akhmat,144,144,168,56168012,3456000,66,414,1897
2052,December,December,324,BAMMA,142,144,168,23909883,3456000,52,414,1897
2052,December,December,324,BRAVE Combat Federation,144,144,168,55309827,3456000,79,414,1897
2052,December,December,324,Cage Warriors,160,160,184,33219318,3840000,65,414,1897
2052,December,December,324,KSW,160,160,184,34693111,3840000,53,414,1897
2052,December,December,324,Legacy Fighting Alliance,144,144,168,34877687,3456000,67,414,1897
2052,December,December,324,ONE Championship,199,200,224,64835883,4800000,69,414,1897
2052,December,December,324,Oktagon MMA,158,160,184,56809382,3840000,61,414,1897
2052,December,December,324,Professional Fighters League,200,200,224,64575491,4800000,76,414,1897
2052,December,December,324,RIZIN Fighting Federation,176,176,200,46444355,4224000,73,414,1897
2052,December,December,324,Ultimate Fighting Championship,270,280,304,92396533,6720000,60,414,1897
2053,July,July,331,Absolute Championship Akhmat,144,144,168,55135591,3456000,70,416,1906
2053,July,July,331,BAMMA,144,144,168,27639571,3456000,57,416,1906
2053,July,July,331,BRAVE Combat Federation,144,144,168,54086072,3456000,81,416,1906
2053,July,July,331,Cage Warriors,160,160,184,33411230,3840000,68,416,1906
2053,July,July,331,KSW,160,160,184,41046925,3840000,57,416,1906
2053,July,July,331,Legacy Fighting Alliance,144,144,168,37429455,3456000,69,416,1906
2053,July,July,331,ONE Championship,200,200,224,71757807,4800000,73,416,1906
2053,July,July,331,Oktagon MMA,160,160,184,64074294,3840000,66,416,1906
2053,July,July,331,Professional Fighters League,200,200,224,72147803,4800000,79,416,1906
2053,July,July,331,RIZIN Fighting Federation,176,176,200,47459095,4224000,75,416,1906
2053,July,July,331,Ultimate Fighting Championship,274,280,304,112394819,6720000,66,416,1906
2053,December,December,336,Absolute Championship Akhmat,144,144,168,57892740,3456000,73,415,1908
2053,December,December,336,BAMMA,144,144,168,26408410,3456000,59,415,1908
2053,December,December,336,BRAVE Combat Federation,144,144,168,52729009,3456000,82,415,1908
2053,December,December,336,Cage Warriors,160,160,184,34780024,3840000,69,415,1908
2053,December,December,336,KSW,160,160,184,44194592,3840000,61,415,1908
2053,December,December,336,Legacy Fighting Alliance,142,144,168,36589893,3456000,69,415,1908
2053,December,December,336,ONE Championship,200,200,224,66034339,4800000,74,415,1908
2053,December,December,336,Oktagon MMA,160,160,184,59404288,3840000,67,415,1908
2053,December,December,336,Professional Fighters League,200,200,224,65677850,4800000,78,415,1908
2053,December,December,336,RIZIN Fighting Federation,176,176,200,48664164,4224000,77,415,1908
2053,December,December,336,Ultimate Fighting Championship,278,280,304,110327349,6720000,68,415,1908
2054,July,July,343,Absolute Championship Akhmat,144,144,168,62420197,3456000,76,415,1910
2054,July,July,343,BAMMA,144,144,168,28004497,3456000,62,415,1910
2054,July,July,343,BRAVE Combat Federation,144,144,168,53309169,3456000,85,415,1910
2054,July,July,343,Cage Warriors,160,160,184,35486064,3840000,70,415,1910
2054,July,July,343,KSW,160,160,184,41723486,3840000,63,415,1910
2054,July,July,343,Legacy Fighting Alliance,144,144,168,37742160,3456000,71,415,1910
2054,July,July,343,ONE Championship,200,200,224,73840624,4800000,78,415,1910
2054,July,July,343,Oktagon MMA,160,160,184,63044799,3840000,71,415,1910
2054,July,July,343,Professional Fighters League,200,200,224,66775841,4800000,80,415,1910
2054,July,July,343,RIZIN Fighting Federation,176,176,200,56410531,4224000,79,415,1910
2054,July,July,343,Ultimate Fighting Championship,278,280,304,107176293,6720000,70,415,1910
2054,December,December,348,Absolute Championship Akhmat,144,144,168,61991319,3456000,77,413,1905
2054,December,December,348,BAMMA,144,144,168,29477697,3456000,65,413,1905
2054,December,December,348,BRAVE Combat Federation,144,144,168,54891530,3456000,87,413,1905
2054,December,December,348,Cage Warriors,159,160,184,35288918,3840000,71,413,1905
2054,December,December,348,KSW,160,160,184,43138735,3840000,66,413,1905
2054,December,December,348,Legacy Fighting Alliance,144,144,168,38912764,3456000,72,413,1905
2054,December,December,348,ONE Championship,200,200,224,67209309,4800000,79,413,1905
2054,December,December,348,Oktagon MMA,160,160,184,76376856,3840000,75,413,1905
2054,December,December,348,Professional Fighters League,200,200,224,66156733,4800000,80,413,1905
2054,December,December,348,RIZIN Fighting Federation,174,176,200,57358208,4224000,80,413,1905
2054,December,December,348,Ultimate Fighting Championship,276,280,304,102262537,6720000,72,413,1905
2055,July,July,355,Absolute Championship Akhmat,144,144,168,62458514,3456000,79,414,1903
2055,July,July,355,BAMMA,144,144,168,31632412,3456000,68,414,1903
2055,July,July,355,BRAVE Combat Federation,144,144,168,51552865,3456000,88,414,1903
2055,July,July,355,Cage Warriors,160,160,184,35009741,3840000,70,414,1903
2055,July,July,355,KSW,160,160,184,44771363,3840000,69,414,1903
2055,July,July,355,Legacy Fighting Alliance,144,144,168,39026743,3456000,73,414,1903
2055,July,July,355,ONE Championship,198,200,224,64652678,4800000,82,414,1903
2055,July,July,355,Oktagon MMA,160,160,184,71743550,3840000,76,414,1903
2055,July,July,355,Professional Fighters League,200,200,224,84109893,4800000,83,414,1903
2055,July,July,355,RIZIN Fighting Federation,176,176,200,68883105,4224000,84,414,1903
2055,July,July,355,Ultimate Fighting Championship,273,280,304,120386922,6720000,77,414,1903
2055,December,December,360,Absolute Championship Akhmat,144,144,168,61314338,3456000,80,414,1906
2055,December,December,360,BAMMA,144,144,168,30225231,3456000,67,414,1906
2055,December,December,360,BRAVE Combat Federation,144,144,168,52511001,3456000,90,414,1906
2055,December,December,360,Cage Warriors,160,160,184,33994702,3840000,70,414,1906
2055,December,December,360,KSW,160,160,184,42803245,3840000,71,414,1906
2055,December,December,360,Legacy Fighting Alliance,144,144,168,39323544,3456000,73,414,1906
2055,December,December,360,ONE Championship,200,200,224,68513092,4800000,84,414,1906
2055,December,December,360,Oktagon MMA,159,160,184,72743683,3840000,77,414,1906
2055,December,December,360,Professional Fighters League,199,200,224,81749705,4800000,84,414,1906
2055,December,December,360,RIZIN Fighting Federation,176,176,200,70957681,4224000,85,414,1906
2055,December,December,360,Ultimate Fighting Championship,276,280,304,128278821,6720000,81,414,1906
2056,July,July,367,Absolute Championship Akhmat,144,144,168,57332988,3456000,80,412,1907
2056,July,July,367,BAMMA,144,144,168,30353421,3456000,67,412,1907
2056,July,July,367,BRAVE Combat Federation,144,144,168,50343654,3456000,92,412,1907
2056,July,July,367,Cage Warriors,160,160,184,37598270,3840000,74,412,1907
2056,July,July,367,KSW,159,160,184,42106966,3840000,74,412,1907
2056,July,July,367,Legacy Fighting Alliance,144,144,168,42415773,3456000,75,412,1907
2056,July,July,367,ONE Championship,199,200,224,72988282,4800000,86,412,1907
2056,July,July,367,Oktagon MMA,160,160,184,74597405,3840000,78,412,1907
2056,July,July,367,Professional Fighters League,200,200,224,79390437,4800000,84,412,1907
2056,July,July,367,RIZIN Fighting Federation,175,176,200,79766788,4224000,87,412,1907
2056,July,July,367,Ultimate Fighting Championship,278,280,304,131226313,6720000,86,412,1907
2056,December,December,372,Absolute Championship Akhmat,144,144,168,51476191,3456000,79,412,1903
2056,December,December,372,BAMMA,144,144,168,28231395,3456000,66,412,1903
2056,December,December,372,BRAVE Combat Federation,144,144,168,46804994,3456000,92,412,1903
2056,December,December,372,Cage Warriors,157,160,184,37368978,3840000,74,412,1903
2056,December,December,372,KSW,160,160,184,41325606,3840000,75,412,1903
2056,December,December,372,Legacy Fighting Alliance,142,144,168,41154065,3456000,74,412,1903
2056,December,December,372,ONE Championship,200,200,224,73359007,4800000,87,412,1903
2056,December,December,372,Oktagon MMA,156,160,184,82122934,3840000,80,412,1903
2056,December,December,372,Professional Fighters League,200,200,224,78653852,4800000,84,412,1903
2056,December,December,372,RIZIN Fighting Federation,176,176,200,84827144,4224000,89,412,1903
2056,December,December,372,Ultimate Fighting Championship,280,280,304,122193017,6720000,86,412,1903
2057,July,July,379,Absolute Championship Akhmat,144,144,168,50678701,3456000,80,411,1905
2057,July,July,379,BAMMA,144,144,168,26707413,3456000,67,411,1905
2057,July,July,379,BRAVE Combat Federation,144,144,168,48004274,3456000,95,411,1905
2057,July,July,379,Cage Warriors,157,160,184,36370950,3840000,75,411,1905
2057,July,July,379,KSW,160,160,184,48753663,3840000,78,411,1905
2057,July,July,379,Legacy Fighting Alliance,143,144,168,40237042,3456000,73,411,1905
2057,July,July,379,ONE Championship,200,200,224,77553220,4800000,90,411,1905
2057,July,July,379,Oktagon MMA,160,160,184,84054470,3840000,84,411,1905
2057,July,July,379,Professional Fighters League,200,200,224,79502481,4800000,85,411,1905
2057,July,July,379,RIZIN Fighting Federation,176,176,200,80399483,4224000,90,411,1905
2057,July,July,379,Ultimate Fighting Championship,277,280,304,118292568,6720000,86,411,1905
2057,December,December,384,Absolute Championship Akhmat,142,144,168,49489074,3456000,81,410,1895
2057,December,December,384,BAMMA,143,144,168,25275281,3456000,66,410,1895
2057,December,December,384,BRAVE Combat Federation,144,144,168,43268743,3456000,93,410,1895
2057,December,December,384,Cage Warriors,160,160,184,33866014,3840000,73,410,1895
2057,December,December,384,KSW,160,160,184,50558958,3840000,80,410,1895
2057,December,December,384,Legacy Fighting Alliance,142,144,168,41950685,3456000,73,410,1895
2057,December,December,384,ONE Championship,200,200,224,78819258,4800000,91,410,1895
2057,December,December,384,Oktagon MMA,155,160,184,72641402,3840000,82,410,1895
2057,December,December,384,Professional Fighters League,198,200,224,73535327,4800000,85,410,1895
2057,December,December,384,RIZIN Fighting Federation,175,176,200,77732079,4224000,91,410,1895
2057,December,December,384,Ultimate Fighting Championship,276,280,304,112245391,6720000,86,410,1895
2058,July,July,391,Absolute Championship Akhmat,144,144,168,55008395,3456000,84,410,1898
2058,July,July,391,BAMMA,143,144,168,24316135,3456000,66,410,1898
2058,July,July,391,BRAVE Combat Federation,143,144,168,41674914,3456000,93,410,1898
2058,July,July,391,Cage Warriors,160,160,184,31472887,3840000,72,410,1898
2058,July,July,391,KSW,160,160,184,51176191,3840000,80,410,1898
2058,July,July,391,Legacy Fighting Alliance,138,144,168,41386091,3456000,74,410,1898
2058,July,July,391,ONE Championship,200,200,224,85322778,4800000,95,410,1898
2058,July,July,391,Oktagon MMA,159,160,184,78250571,3840000,84,410,1898
2058,July,July,391,Professional Fighters League,197,200,224,84250697,4800000,89,410,1898
2058,July,July,391,RIZIN Fighting Federation,176,176,200,73974436,4224000,91,410,1898
2058,July,July,391,Ultimate Fighting Championship,278,280,304,104262673,6720000,86,410,1898
2058,December,December,396,Absolute Championship Akhmat,143,144,168,50818838,3456000,84,410,1887
2058,December,December,396,BAMMA,143,144,168,23001841,3456000,66,410,1887
2058,December,December,396,BRAVE Combat Federation,143,144,168,40473103,3456000,93,410,1887
2058,December,December,396,Cage Warriors,160,160,184,32612505,3840000,73,410,1887
2058,December,December,396,KSW,157,160,184,58146265,3840000,82,410,1887
2058,December,December,396,Legacy Fighting Alliance,141,144,168,40811079,3456000,75,410,1887
2058,December,December,396,ONE Championship,195,200,224,83673215,4800000,97,410,1887
2058,December,December,396,Oktagon MMA,157,160,184,75496139,3840000,85,410,1887
2058,December,December,396,Professional Fighters League,196,200,224,80077026,4800000,89,410,1887
2058,December,December,396,RIZIN Fighting Federation,176,176,200,68796186,4224000,90,410,1887
2058,December,December,396,Ultimate Fighting Championship,276,280,304,97057841,6720000,86,410,1887
2059,July,July,403,Absolute Championship Akhmat,143,144,168,53457204,3456000,87,409,1880
2059,July,July,403,BAMMA,140,144,168,21928913,3456000,66,409,1880
2059,July,July,403,BRAVE Combat Federation,143,144,168,40420355,3456000,93,409,1880
2059,July,July,403,Cage Warriors,160,160,184,32857470,3840000,73,409,1880
2059,July,July,403,KSW,157,160,184,61677493,3840000,85,409,1880
2059,July,July,403,Legacy Fighting Alliance,144,144,168,40538167,3456000,77,409,1880
2059,July,July,403,ONE Championship,195,200,224,87163861,4800000,99,409,1880
2059,July,July,403,Oktagon MMA,154,160,184,73679135,3840000,86,409,1880
2059,July,July,403,Professional Fighters League,196,200,224,83142943,4800000,91,409,1880
2059,July,July,403,RIZIN Fighting Federation,171,176,200,79620533,4224000,94,409,1880
2059,July,July,403,Ultimate Fighting Championship,277,280,304,113571271,6720000,88,409,1880
2059,December,December,408,Absolute Championship Akhmat,141,144,168,58600415,3456000,89,409,1875
2059,December,December,408,BAMMA,143,144,168,24082000,3456000,67,409,1875
2059,December,December,408,BRAVE Combat Federation,144,144,168,39196041,3456000,91,409,1875
2059,December,December,408,Cage Warriors,158,160,184,33730087,3840000,74,409,1875
2059,December,December,408,KSW,156,160,184,61358399,3840000,87,409,1875
2059,December,December,408,Legacy Fighting Alliance,140,144,168,39635079,3456000,77,409,1875
2059,December,December,408,ONE Championship,198,200,224,84863915,4800000,99,409,1875
2059,December,December,408,Oktagon MMA,157,160,184,66219538,3840000,85,409,1875
2059,December,December,408,Professional Fighters League,193,200,224,80395154,4800000,91,409,1875
2059,December,December,408,RIZIN Fighting Federation,171,176,200,78531791,4224000,95,409,1875
2059,December,December,408,Ultimate Fighting Championship,274,280,304,117965010,6720000,90,409,1875
2060,July,July,415,Absolute Championship Akhmat,141,144,168,63853944,3456000,92,409,1879
2060,July,July,415,BAMMA,142,144,168,27030924,3456000,68,409,1879
2060,July,July,415,BRAVE Combat Federation,142,144,168,41013989,3456000,94,409,1879
2060,July,July,415,Cage Warriors,157,160,184,34230203,3840000,76,409,1879
2060,July,July,415,KSW,155,160,184,59274285,3840000,88,409,1879
2060,July,July,415,Legacy Fighting Alliance,143,144,168,38275290,3456000,76,409,1879
2060,July,July,415,ONE Championship,200,200,224,81239739,4800000,99,409,1879
2060,July,July,415,Oktagon MMA,158,160,184,58926715,3840000,84,409,1879
2060,July,July,415,Professional Fighters League,192,200,224,79835287,4800000,92,409,1879
2060,July,July,415,RIZIN Fighting Federation,173,176,200,82819907,4224000,97,409,1879
2060,July,July,415,Ultimate Fighting Championship,276,280,304,117529980,6720000,90,409,1879
2060,December,December,420,Absolute Championship Akhmat,140,144,168,61521233,3456000,93,410,1875
2060,December,December,420,BAMMA,143,144,168,26441023,3456000,67,410,1875
2060,December,December,420,BRAVE Combat Federation,144,144,168,43680761,3456000,96,410,1875
2060,December,December,420,Cage Warriors,160,160,184,34390200,3840000,76,410,1875
2060,December,December,420,KSW,156,160,184,63042510,3840000,90,410,1875
2060,December,December,420,Legacy Fighting Alliance,141,144,168,37172546,3456000,77,410,1875
2060,December,December,420,ONE Championship,200,200,224,77015950,4800000,99,410,1875
2060,December,December,420,Oktagon MMA,159,160,184,56033335,3840000,83,410,1875
2060,December,December,420,Professional Fighters League,189,200,224,72769939,4800000,92,410,1875
2060,December,December,420,RIZIN Fighting Federation,172,176,200,79796612,4224000,97,410,1875
2060,December,December,420,Ultimate Fighting Championship,271,280,304,120831016,6720000,92,410,1875
2061,July,July,427,Absolute Championship Akhmat,142,144,168,58051546,3456000,93,409,1861
2061,July,July,427,BAMMA,143,144,168,28686949,3456000,69,409,1861
2061,July,July,427,BRAVE Combat Federation,138,144,168,43526769,3456000,98,409,1861
2061,July,July,427,Cage Warriors,156,160,184,35963054,3840000,77,409,1861
2061,July,July,427,KSW,156,160,184,58944689,3840000,90,409,1861
2061,July,July,427,Legacy Fighting Alliance,142,144,168,34590366,3456000,77,409,1861
2061,July,July,427,ONE Championship,197,200,224,74278306,4800000,100,409,1861
2061,July,July,427,Oktagon MMA,160,160,184,61437825,3840000,85,409,1861
2061,July,July,427,Professional Fighters League,189,200,224,89530351,4800000,96,409,1861
2061,July,July,427,RIZIN Fighting Federation,172,176,200,81630066,4224000,99,409,1861
2061,July,July,427,Ultimate Fighting Championship,266,280,304,119667734,6720000,92,409,1861
2061,December,December,432,Absolute Championship Akhmat,142,144,168,57216517,3456000,93,410,1863
2061,December,December,432,BAMMA,144,144,168,29654646,3456000,71,410,1863
2061,December,December,432,BRAVE Combat Federation,142,144,168,43584793,3456000,98,410,1863
2061,December,December,432,Cage Warriors,157,160,184,34930638,3840000,77,410,1863
2061,December,December,432,KSW,160,160,184,54159361,3840000,89,410,1863
2061,December,December,432,Legacy Fighting Alliance,142,144,168,33299987,3456000,77,410,1863
2061,December,December,432,ONE Championship,195,200,224,78136154,4800000,99,410,1863
2061,December,December,432,Oktagon MMA,160,160,184,66280862,3840000,88,410,1863
2061,December,December,432,Professional Fighters League,191,200,224,82244068,4800000,96,410,1863
2061,December,December,432,RIZIN Fighting Federation,169,176,200,81245433,4224000,99,410,1863
2061,December,December,432,Ultimate Fighting Championship,261,280,304,118545085,6720000,92,410,1863
2062,July,July,439,Absolute Championship Akhmat,142,144,168,55552478,3456000,94,409,1838
2062,July,July,439,BAMMA,143,144,168,28972562,3456000,72,409,1838
2062,July,July,439,BRAVE Combat Federation,140,144,168,46323653,3456000,100,409,1838
2062,July,July,439,Cage Warriors,153,160,184,32139216,3840000,73,409,1838
2062,July,July,439,KSW,160,160,184,59447534,3840000,92,409,1838
2062,July,July,439,Legacy Fighting Alliance,143,144,168,34661076,3456000,79,409,1838
2062,July,July,439,ONE Championship,193,200,224,79481856,4800000,98,409,1838
2062,July,July,439,Oktagon MMA,159,160,184,74086283,3840000,92,409,1838
2062,July,July,439,Professional Fighters League,187,200,224,80840693,4800000,97,409,1838
2062,July,July,439,RIZIN Fighting Federation,161,176,200,84060310,4224000,99,409,1838
2062,July,July,439,Ultimate Fighting Championship,257,280,304,113274770,6720000,93,409,1838
2062,December,December,444,Absolute Championship Akhmat,142,144,168,63787211,3456000,95,409,1840
2062,December,December,444,BAMMA,144,144,168,30050787,3456000,73,409,1840
2062,December,December,444,BRAVE Combat Federation,139,144,168,42155355,3456000,98,409,1840
2062,December,December,444,Cage Warriors,156,160,184,32210504,3840000,74,409,1840
2062,December,December,444,KSW,157,160,184,54615175,3840000,91,409,1840
2062,December,December,444,Legacy Fighting Alliance,143,144,168,34923670,3456000,80,409,1840
2062,December,December,444,ONE Championship,191,200,224,75907424,4800000,98,409,1840
2062,December,December,444,Oktagon MMA,159,160,184,71581282,3840000,92,409,1840
2062,December,December,444,Professional Fighters League,188,200,224,81773359,4800000,98,409,1840
2062,December,December,444,RIZIN Fighting Federation,163,176,200,77048885,4224000,99,409,1840
2062,December,December,444,Ultimate Fighting Championship,258,280,304,108461277,6720000,93,409,1840
2063,July,July,451,Absolute Championship Akhmat,144,144,168,58725195,3456000,94,410,1829
2063,July,July,451,BAMMA,144,144,168,33403257,3456000,75,410,1829
2063,July,July,451,BRAVE Combat Federation,138,144,168,46141461,3456000,98,410,1829
2063,July,July,451,Cage Warriors,158,160,184,33567877,3840000,74,410,1829
2063,July,July,451,KSW,156,160,184,52889393,3840000,94,410,1829
2063,July,July,451,Legacy Fighting Alliance,142,144,168,33429752,3456000,79,410,1829
2063,July,July,451,ONE Championship,187,200,224,80559554,4800000,100,410,1829
2063,July,July,451,Oktagon MMA,158,160,184,72500943,3840000,94,410,1829
2063,July,July,451,Professional Fighters League,182,200,224,80835629,4800000,99,410,1829
2063,July,July,451,RIZIN Fighting Federation,161,176,200,68074956,4224000,98,410,1829
2063,July,July,451,Ultimate Fighting Championship,259,280,304,99252535,6720000,92,410,1829
2063,December,December,456,Absolute Championship Akhmat,141,144,168,56863294,3456000,94,408,1820
2063,December,December,456,BAMMA,142,144,168,34091453,3456000,76,408,1820
2063,December,December,456,BRAVE Combat Federation,137,144,168,43112099,3456000,96,408,1820
2063,December,December,456,Cage Warriors,160,160,184,33436826,3840000,75,408,1820
2063,December,December,456,KSW,157,160,184,54780956,3840000,96,408,1820
2063,December,December,456,Legacy Fighting Alliance,144,144,168,32436931,3456000,79,408,1820
2063,December,December,456,ONE Championship,186,200,224,72500284,4800000,99,408,1820
2063,December,December,456,Oktagon MMA,154,160,184,69292384,3840000,94,408,1820
2063,December,December,456,Professional Fighters League,178,200,224,79408932,4800000,99,408,1820
2063,December,December,456,RIZIN Fighting Federation,165,176,200,72398788,4224000,99,408,1820
2063,December,December,456,Ultimate Fighting Championship,256,280,304,99778593,6720000,93,408,1820
2064,July,July,463,Absolute Championship Akhmat,141,144,168,58666011,3456000,96,408,1819
2064,July,July,463,BAMMA,141,144,168,32640350,3456000,75,408,1819
2064,July,July,463,BRAVE Combat Federation,139,144,168,54000354,3456000,100,408,1819
2064,July,July,463,Cage Warriors,158,160,184,38721901,3840000,79,408,1819
2064,July,July,463,KSW,152,160,184,59304147,3840000,99,408,1819
2064,July,July,463,Legacy Fighting Alliance,141,144,168,35126469,3456000,81,408,1819
2064,July,July,463,ONE Championship,193,200,224,76464881,4800000,100,408,1819
2064,July,July,463,Oktagon MMA,154,160,184,70507743,3840000,95,408,1819
2064,July,July,463,Professional Fighters League,180,200,224,86238292,4800000,100,408,1819
2064,July,July,463,RIZIN Fighting Federation,166,176,200,68435966,4224000,99,408,1819
2064,July,July,463,Ultimate Fighting Championship,254,280,304,117630117,6720000,96,408,1819
2064,December,December,468,Absolute Championship Akhmat,143,144,168,59495813,3456000,97,407,1823
2064,December,December,468,BAMMA,142,144,168,33368298,3456000,75,407,1823
2064,December,December,468,BRAVE Combat Federation,139,144,168,51020430,3456000,97,407,1823
2064,December,December,468,Cage Warriors,157,160,184,39659982,3840000,81,407,1823
2064,December,December,468,KSW,152,160,184,56249135,3840000,99,407,1823
2064,December,December,468,Legacy Fighting Alliance,143,144,168,32832483,3456000,80,407,1823
2064,December,December,468,ONE Championship,195,200,224,69883574,4800000,99,407,1823
2064,December,December,468,Oktagon MMA,153,160,184,70912126,3840000,96,407,1823
2064,December,December,468,Professional Fighters League,178,200,224,76495179,4800000,99,407,1823
2064,December,December,468,RIZIN Fighting Federation,165,176,200,65558950,4224000,98,407,1823
2064,December,December,468,Ultimate Fighting Championship,256,280,304,120839789,6720000,97,407,1823
2065,July,July,475,Absolute Championship Akhmat,139,144,168,62559263,3456000,99,408,1802
2065,July,July,475,BAMMA,140,144,168,36091076,3456000,77,408,1802
2065,July,July,475,BRAVE Combat Federation,138,144,168,55240768,3456000,100,408,1802
2065,July,July,475,Cage Warriors,158,160,184,45268688,3840000,84,408,1802
2065,July,July,475,KSW,153,160,184,53804740,3840000,99,408,1802
2065,July,July,475,Legacy Fighting Alliance,141,144,168,32732545,3456000,81,408,1802
2065,July,July,475,ONE Championship,191,200,224,73671253,4800000,99,408,1802
2065,July,July,475,Oktagon MMA,147,160,184,72286109,3840000,98,408,1802
2065,July,July,475,Professional Fighters League,180,200,224,83059185,4800000,100,408,1802
2065,July,July,475,RIZIN Fighting Federation,158,176,200,66395515,4224000,99,408,1802
2065,July,July,475,Ultimate Fighting Championship,257,280,304,119438854,6720000,98,408,1802
2065,December,December,480,Absolute Championship Akhmat,138,144,168,67781954,3456000,99,408,1803
2065,December,December,480,BAMMA,144,144,168,35471341,3456000,76,408,1803
2065,December,December,480,BRAVE Combat Federation,137,144,168,55781090,3456000,99,408,1803
2065,December,December,480,Cage Warriors,158,160,184,42114229,3840000,84,408,1803
2065,December,December,480,KSW,155,160,184,54293442,3840000,99,408,1803
2065,December,December,480,Legacy Fighting Alliance,141,144,168,33127138,3456000,82,408,1803
2065,December,December,480,ONE Championship,190,200,224,79635126,4800000,99,408,1803
2065,December,December,480,Oktagon MMA,148,160,184,72662871,3840000,99,408,1803
2065,December,December,480,Professional Fighters League,179,200,224,81464011,4800000,99,408,1803
2065,December,December,480,RIZIN Fighting Federation,157,176,200,65759345,4224000,99,408,1803
2065,December,December,480,Ultimate Fighting Championship,256,280,304,119302026,6720000,99,408,1803
2066,July,July,487,Absolute Championship Akhmat,141,144,168,67128136,3456000,100,407,1803
2066,July,July,487,BAMMA,142,144,168,38528920,3456000,79,407,1803
2066,July,July,487,BRAVE Combat Federation,139,144,168,55249546,3456000,100,407,1803
2066,July,July,487,Cage Warriors,159,160,184,44514177,3840000,87,407,1803
2066,July,July,487,KSW,158,160,184,52218818,3840000,99,407,1803
2066,July,July,487,Legacy Fighting Alliance,143,144,168,38571941,3456000,86,407,1803
2066,July,July,487,ONE Championship,178,200,224,85847536,4800000,100,407,1803
2066,July,July,487,Oktagon MMA,147,160,184,66665410,3840000,99,407,1803
2066,July,July,487,Professional Fighters League,180,200,224,82591729,4800000,100,407,1803
2066,July,July,487,RIZIN Fighting Federation,158,176,200,66009303,4224000,99,407,1803
2066,July,July,487,Ultimate Fighting Championship,258,280,304,107216783,6720000,98,407,1803
2066,December,December,492,Absolute Championship Akhmat,141,144,168,67849453,3456000,99,410,1807
2066,December,December,492,BAMMA,144,144,168,39812630,3456000,79,410,1807
2066,December,December,492,BRAVE Combat Federation,138,144,168,52522343,3456000,99,410,1807
2066,December,December,492,Cage Warriors,157,160,184,46149548,3840000,88,410,1807
2066,December,December,492,KSW,160,160,184,50481942,3840000,99,410,1807
2066,December,December,492,Legacy Fighting Alliance,144,144,168,38548009,3456000,86,410,1807
2066,December,December,492,ONE Championship,180,200,224,88156239,4800000,99,410,1807
2066,December,December,492,Oktagon MMA,146,160,184,74808363,3840000,99,410,1807
2066,December,December,492,Professional Fighters League,180,200,224,74586354,4800000,98,410,1807
2066,December,December,492,RIZIN Fighting Federation,160,176,200,62812331,4224000,99,410,1807
2066,December,December,492,Ultimate Fighting Championship,257,280,304,106807930,6720000,98,410,1807
2067,July,July,499,Absolute Championship Akhmat,135,144,168,64870026,3456000,99,407,1792
2067,July,July,499,BAMMA,143,144,168,41116184,3456000,81,407,1792
2067,July,July,499,BRAVE Combat Federation,142,144,168,55126556,3456000,100,407,1792
2067,July,July,499,Cage Warriors,157,160,184,44660168,3840000,92,407,1792
2067,July,July,499,KSW,160,160,184,46164631,3840000,98,407,1792
2067,July,July,499,Legacy Fighting Alliance,143,144,168,41977804,3456000,89,407,1792
2067,July,July,499,ONE Championship,181,200,224,86830515,4800000,100,407,1792
2067,July,July,499,Oktagon MMA,145,160,184,74310646,3840000,99,407,1792
2067,July,July,499,Professional Fighters League,179,200,224,76508722,4800000,99,407,1792
2067,July,July,499,RIZIN Fighting Federation,151,176,200,68928821,4224000,100,407,1792
2067,July,July,499,Ultimate Fighting Championship,256,280,304,111768903,6720000,99,407,1792
2067,December,December,504,Absolute Championship Akhmat,135,144,168,64701615,3456000,99,408,1802
2067,December,December,504,BAMMA,144,144,168,40304189,3456000,82,408,1802
2067,December,December,504,BRAVE Combat Federation,142,144,168,56488774,3456000,99,408,1802
2067,December,December,504,Cage Warriors,159,160,184,40801468,3840000,91,408,1802
2067,December,December,504,KSW,160,160,184,43963257,3840000,98,408,1802
2067,December,December,504,Legacy Fighting Alliance,144,144,168,38457150,3456000,86,408,1802
2067,December,December,504,ONE Championship,178,200,224,81991500,4800000,99,408,1802
2067,December,December,504,Oktagon MMA,149,160,184,83168876,3840000,99,408,1802
2067,December,December,504,Professional Fighters League,178,200,224,82667796,4800000,99,408,1802
2067,December,December,504,RIZIN Fighting Federation,156,176,200,69230448,4224000,99,408,1802
2067,December,December,504,Ultimate Fighting Championship,257,280,304,110042608,6720000,99,408,1802
2068,July,July,511,Absolute Championship Akhmat,137,144,168,65611548,3456000,100,409,1807
2068,July,July,511,BAMMA,144,144,168,40829225,3456000,85,409,1807
2068,July,July,511,BRAVE Combat Federation,141,144,168,57703773,3456000,100,409,1807
2068,July,July,511,Cage Warriors,158,160,184,44876082,3840000,95,409,1807
2068,July,July,511,KSW,155,160,184,51426076,3840000,100,409,1807
2068,July,July,511,Legacy Fighting Alliance,144,144,168,43887053,3456000,90,409,1807
2068,July,July,511,ONE Championship,178,200,224,82299326,4800000,100,409,1807
2068,July,July,511,Oktagon MMA,155,160,184,78329632,3840000,99,409,1807
2068,July,July,511,Professional Fighters League,179,200,224,86492642,4800000,99,409,1807
2068,July,July,511,RIZIN Fighting Federation,159,176,200,77787714,4224000,100,409,1807
2068,July,July,511,Ultimate Fighting Championship,257,280,304,111586480,6720000,99,409,1807
2068,December,December,516,Absolute Championship Akhmat,140,144,168,67556872,3456000,99,408,1806
2068,December,December,516,BAMMA,143,144,168,38715233,3456000,86,408,1806
2068,December,December,516,BRAVE Combat Federation,143,144,168,61041114,3456000,99,408,1806
2068,December,December,516,Cage Warriors,156,160,184,42735672,3840000,95,408,1806
2068,December,December,516,KSW,157,160,184,53742781,3840000,99,408,1806
2068,December,December,516,Legacy Fighting Alliance,144,144,168,46004091,3456000,92,408,1806
2068,December,December,516,ONE Championship,178,200,224,79880610,4800000,99,408,1806
2068,December,December,516,Oktagon MMA,152,160,184,78593389,3840000,99,408,1806
2068,December,December,516,Professional Fighters League,178,200,224,84083632,4800000,99,408,1806
2068,December,December,516,RIZIN Fighting Federation,160,176,200,73996033,4224000,99,408,1806
2068,December,December,516,Ultimate Fighting Championship,255,280,304,118418389,6720000,99,408,1806
2069,July,July,523,Absolute Championship Akhmat,144,144,168,67658407,3456000,100,409,1813
2069,July,July,523,BAMMA,144,144,168,40920597,3456000,89,409,1813
2069,July,July,523,BRAVE Combat Federation,144,144,168,61346525,3456000,99,409,1813
2069,July,July,523,Cage Warriors,157,160,184,45811601,3840000,97,409,1813
2069,July,July,523,KSW,155,160,184,60677661,3840000,100,409,1813
2069,July,July,523,Legacy Fighting Alliance,144,144,168,49531692,3456000,95,409,1813
2069,July,July,523,ONE Championship,178,200,224,91357400,4800000,100,409,1813
2069,July,July,523,Oktagon MMA,151,160,184,78447701,3840000,99,409,1813
2069,July,July,523,Professional Fighters League,178,200,224,78906727,4800000,99,409,1813
2069,July,July,523,RIZIN Fighting Federation,162,176,200,74995860,4224000,99,409,1813
2069,July,July,523,Ultimate Fighting Championship,256,280,304,119026211,6720000,99,409,1813
2069,December,December,528,Absolute Championship Akhmat,144,144,168,71455537,3456000,99,411,1827
2069,December,December,528,BAMMA,144,144,168,40829172,3456000,91,411,1827
2069,December,December,528,BRAVE Combat Federation,144,144,168,61311856,3456000,99,411,1827
2069,December,December,528,Cage Warriors,160,160,184,45833996,3840000,98,411,1827
2069,December,December,528,KSW,154,160,184,58303592,3840000,99,411,1827
2069,December,December,528,Legacy Fighting Alliance,144,144,168,50148415,3456000,96,411,1827
2069,December,December,528,ONE Championship,178,200,224,86443127,4800000,99,411,1827
2069,December,December,528,Oktagon MMA,155,160,184,78652064,3840000,99,411,1827
2069,December,December,528,Professional Fighters League,180,200,224,79629171,4800000,99,411,1827
2069,December,December,528,RIZIN Fighting Federation,166,176,200,73462413,4224000,99,411,1827
2069,December,December,528,Ultimate Fighting Championship,258,280,304,117206172,6720000,99,411,1827
2070,July,July,535,Absolute Championship Akhmat,144,144,168,67897832,3456000,99,410,1833
2070,July,July,535,BAMMA,141,144,168,42775482,3456000,93,410,1833
2070,July,July,535,BRAVE Combat Federation,144,144,168,58439432,3456000,99,410,1833
2070,July,July,535,Cage Warriors,159,160,184,50184005,3840000,100,410,1833
2070,July,July,535,KSW,155,160,184,61548620,3840000,99,410,1833
2070,July,July,535,Legacy Fighting Alliance,144,144,168,50261552,3456000,96,410,1833
2070,July,July,535,ONE Championship,178,200,224,91678354,4800000,100,410,1833
2070,July,July,535,Oktagon MMA,158,160,184,75535392,3840000,99,410,1833
2070,July,July,535,Professional Fighters League,180,200,224,83035641,4800000,100,410,1833
2070,July,July,535,RIZIN Fighting Federation,169,176,200,73871142,4224000,99,410,1833
2070,July,July,535,Ultimate Fighting Championship,261,280,304,119084998,6720000,100,410,1833
2070,December,December,540,Absolute Championship Akhmat,143,144,168,65779327,3456000,99,411,1842
2070,December,December,540,BAMMA,143,144,168,44412766,3456000,96,411,1842
2070,December,December,540,BRAVE Combat Federation,144,144,168,57221427,3456000,99,411,1842
2070,December,December,540,Cage Warriors,159,160,184,51120840,3840000,99,411,1842
2070,December,December,540,KSW,156,160,184,56787114,3840000,98,411,1842
2070,December,December,540,Legacy Fighting Alliance,144,144,168,48887518,3456000,98,411,1842
2070,December,December,540,ONE Championship,178,200,224,92848559,4800000,99,411,1842
2070,December,December,540,Oktagon MMA,160,160,184,80395044,3840000,99,411,1842
2070,December,December,540,Professional Fighters League,183,200,224,83827159,4800000,99,411,1842
2070,December,December,540,RIZIN Fighting Federation,170,176,200,71652158,4224000,98,411,1842
2070,December,December,540,Ultimate Fighting Championship,262,280,304,104089296,6720000,98,411,1842
2071,July,July,547,Absolute Championship Akhmat,144,144,168,75588182,3456000,100,412,1842
2071,July,July,547,BAMMA,143,144,168,43886044,3456000,99,412,1842
2071,July,July,547,BRAVE Combat Federation,144,144,168,58444680,3456000,100,412,1842
2071,July,July,547,Cage Warriors,160,160,184,49229242,3840000,99,412,1842
2071,July,July,547,KSW,153,160,184,58695652,3840000,100,412,1842
2071,July,July,547,Legacy Fighting Alliance,144,144,168,49864450,3456000,99,412,1842
2071,July,July,547,ONE Championship,182,200,224,93078674,4800000,100,412,1842
2071,July,July,547,Oktagon MMA,160,160,184,93756494,3840000,100,412,1842
2071,July,July,547,Professional Fighters League,182,200,224,89052166,4800000,100,412,1842
2071,July,July,547,RIZIN Fighting Federation,172,176,200,75379460,4224000,99,412,1842
2071,July,July,547,Ultimate Fighting Championship,258,280,304,123397830,6720000,100,412,1842
2071,December,December,552,Absolute Championship Akhmat,144,144,168,77528935,3456000,99,409,1845
2071,December,December,552,BAMMA,143,144,168,43166918,3456000,99,409,1845
2071,December,December,552,BRAVE Combat Federation,142,144,168,57855465,3456000,99,409,1845
2071,December,December,552,Cage Warriors,158,160,184,49656026,3840000,99,409,1845
2071,December,December,552,KSW,154,160,184,53969660,3840000,99,409,1845
2071,December,December,552,Legacy Fighting Alliance,144,144,168,48677917,3456000,99,409,1845
2071,December,December,552,ONE Championship,183,200,224,92589072,4800000,99,409,1845
2071,December,December,552,Oktagon MMA,160,160,184,93655963,3840000,99,409,1845
2071,December,December,552,Professional Fighters League,186,200,224,87209050,4800000,99,409,1845
2071,December,December,552,RIZIN Fighting Federation,173,176,200,76160406,4224000,99,409,1845
2071,December,December,552,Ultimate Fighting Championship,258,280,304,120740187,6720000,99,409,1845
2072,July,July,559,Absolute Championship Akhmat,144,144,168,76301002,3456000,99,410,1849
2072,July,July,559,BAMMA,144,144,168,48925252,3456000,100,410,1849
2072,July,July,559,BRAVE Combat Federation,141,144,168,59186347,3456000,99,410,1849
2072,July,July,559,Cage Warriors,159,160,184,47437749,3840000,99,410,1849
2072,July,July,559,KSW,158,160,184,58759690,3840000,99,410,1849
2072,July,July,559,Legacy Fighting Alliance,141,144,168,51113563,3456000,99,410,1849
2072,July,July,559,ONE Championship,183,200,224,97029057,4800000,100,410,1849
2072,July,July,559,Oktagon MMA,159,160,184,86969895,3840000,99,410,1849
2072,July,July,559,Professional Fighters League,187,200,224,90043763,4800000,99,410,1849
2072,July,July,559,RIZIN Fighting Federation,174,176,200,77885510,4224000,99,410,1849
2072,July,July,559,Ultimate Fighting Championship,259,280,304,117586324,6720000,99,410,1849
2072,December,December,564,Absolute Championship Akhmat,144,144,168,74492795,3456000,99,412,1863
2072,December,December,564,BAMMA,143,144,168,47117223,3456000,99,412,1863
2072,December,December,564,BRAVE Combat Federation,144,144,168,63186801,3456000,99,412,1863
2072,December,December,564,Cage Warriors,159,160,184,46124753,3840000,99,412,1863
2072,December,December,564,KSW,160,160,184,54182497,3840000,98,412,1863
2072,December,December,564,Legacy Fighting Alliance,144,144,168,46742401,3456000,99,412,1863
2072,December,December,564,ONE Championship,186,200,224,99335367,4800000,99,412,1863
2072,December,December,564,Oktagon MMA,159,160,184,89895939,3840000,99,412,1863
2072,December,December,564,Professional Fighters League,187,200,224,88317463,4800000,99,412,1863
2072,December,December,564,RIZIN Fighting Federation,176,176,200,80365257,4224000,99,412,1863
2072,December,December,564,Ultimate Fighting Championship,261,280,304,127571690,6720000,99,412,1863
2073,July,July,571,Absolute Championship Akhmat,144,144,168,77095018,3456000,100,414,1869
2073,July,July,571,BAMMA,144,144,168,43277682,3456000,99,414,1869
2073,July,July,571,BRAVE Combat Federation,144,144,168,63894486,3456000,100,414,1869
2073,July,July,571,Cage Warriors,160,160,184,44980328,3840000,99,414,1869
2073,July,July,571,KSW,160,160,184,56356604,3840000,99,414,1869
2073,July,July,571,Legacy Fighting Alliance,144,144,168,48346902,3456000,99,414,1869
2073,July,July,571,ONE Championship,188,200,224,97968645,4800000,100,414,1869
2073,July,July,571,Oktagon MMA,160,160,184,83937482,3840000,99,414,1869
2073,July,July,571,Professional Fighters League,189,200,224,98057802,4800000,100,414,1869
2073,July,July,571,RIZIN Fighting Federation,176,176,200,80771796,4224000,99,414,1869
2073,July,July,571,Ultimate Fighting Championship,260,280,304,130683062,6720000,99,414,1869
2073,December,December,576,Absolute Championship Akhmat,144,144,168,70389839,3456000,99,414,1873
2073,December,December,576,BAMMA,143,144,168,45935513,3456000,99,414,1873
2073,December,December,576,BRAVE Combat Federation,144,144,168,67045560,3456000,99,414,1873
2073,December,December,576,Cage Warriors,160,160,184,45953053,3840000,99,414,1873
2073,December,December,576,KSW,160,160,184,53309782,3840000,99,414,1873
2073,December,December,576,Legacy Fighting Alliance,143,144,168,46882851,3456000,99,414,1873
2073,December,December,576,ONE Championship,193,200,224,102613938,4800000,99,414,1873
2073,December,December,576,Oktagon MMA,160,160,184,75907309,3840000,98,414,1873
2073,December,December,576,Professional Fighters League,189,200,224,107858542,4800000,99,414,1873
2073,December,December,576,RIZIN Fighting Federation,175,176,200,78535362,4224000,99,414,1873
2073,December,December,576,Ultimate Fighting Championship,262,280,304,122338198,6720000,98,414,1873
2074,July,July,583,Absolute Championship Akhmat,144,144,168,72923409,3456000,100,414,1883
2074,July,July,583,BAMMA,143,144,168,45575457,3456000,99,414,1883
2074,July,July,583,BRAVE Combat Federation,144,144,168,68886955,3456000,99,414,1883
2074,July,July,583,Cage Warriors,160,160,184,48910046,3840000,100,414,1883
2074,July,July,583,KSW,160,160,184,53417958,3840000,100,414,1883
2074,July,July,583,Legacy Fighting Alliance,144,144,168,47839632,3456000,100,414,1883
2074,July,July,583,ONE Championship,194,200,224,97605229,4800000,99,414,1883
2074,July,July,583,Oktagon MMA,160,160,184,82787093,3840000,99,414,1883
2074,July,July,583,Professional Fighters League,191,200,224,108344432,4800000,99,414,1883
2074,July,July,583,RIZIN Fighting Federation,176,176,200,75886954,4224000,99,414,1883
2074,July,July,583,Ultimate Fighting Championship,267,280,304,124877639,6720000,100,414,1883
2074,December,December,588,Absolute Championship Akhmat,143,144,168,68806689,3456000,99,411,1885
2074,December,December,588,BAMMA,144,144,168,42822664,3456000,99,411,1885
2074,December,December,588,BRAVE Combat Federation,144,144,168,62729994,3456000,99,411,1885
2074,December,December,588,Cage Warriors,159,160,184,47571384,3840000,99,411,1885
2074,December,December,588,KSW,159,160,184,47807049,3840000,98,411,1885
2074,December,December,588,Legacy Fighting Alliance,144,144,168,48057791,3456000,99,411,1885
2074,December,December,588,ONE Championship,198,200,224,90260831,4800000,99,411,1885
2074,December,December,588,Oktagon MMA,159,160,184,90387826,3840000,99,411,1885
2074,December,December,588,Professional Fighters League,193,200,224,111288280,4800000,99,411,1885
2074,December,December,588,RIZIN Fighting Federation,176,176,200,71921290,4224000,99,411,1885
2074,December,December,588,Ultimate Fighting Championship,266,280,304,123164661,6720000,99,411,1885
2075,July,July,595,Absolute Championship Akhmat,144,144,168,71115598,3456000,100,413,1894
2075,July,July,595,BAMMA,144,144,168,45275360,3456000,100,413,1894
2075,July,July,595,BRAVE Combat Federation,144,144,168,67849337,3456000,100,413,1894
2075,July,July,595,Cage Warriors,160,160,184,48760460,3840000,100,413,1894
2075,July,July,595,KSW,160,160,184,48623543,3840000,100,413,1894
2075,July,July,595,Legacy Fighting Alliance,141,144,168,49395980,3456000,100,413,1894
2075,July,July,595,ONE Championship,200,200,224,94683613,4800000,100,413,1894
2075,July,July,595,Oktagon MMA,160,160,184,89642557,3840000,100,413,1894
2075,July,July,595,Professional Fighters League,198,200,224,104305993,4800000,99,413,1894
2075,July,July,595,RIZIN Fighting Federation,176,176,200,76682728,4224000,100,413,1894
2075,July,July,595,Ultimate Fighting Championship,267,280,304,122136540,6720000,99,413,1894
2075,December,December,600,Absolute Championship Akhmat,144,144,168,61727131,3456000,98,411,1886
2075,December,December,600,BAMMA,144,144,168,44538246,3456000,99,411,1886
2075,December,December,600,BRAVE Combat Federation,144,144,168,67560570,3456000,99,411,1886
2075,December,December,600,Cage Warriors,159,160,184,50073266,3840000,99,411,1886
2075,December,December,600,KSW,159,160,184,52213702,3840000,99,411,1886
2075,December,December,600,Legacy Fighting Alliance,142,144,168,48755844,3456000,99,411,1886
2075,December,December,600,ONE Championship,197,200,224,95465213,4800000,99,411,1886
2075,December,December,600,Oktagon MMA,158,160,184,93881834,3840000,99,411,1886
2075,December,December,600,Professional Fighters League,200,200,224,99045392,4800000,99,411,1886
2075,December,December,600,RIZIN Fighting Federation,174,176,200,76818143,4224000,99,411,1886
2075,December,December,600,Ultimate Fighting Championship,265,280,304,115791202,6720000,99,411,1886
2076,July,July,607,Absolute Championship Akhmat,142,144,168,65386953,3456000,99,410,1889
2076,July,July,607,BAMMA,143,144,168,47573071,3456000,100,410,1889
2076,July,July,607,BRAVE Combat Federation,144,144,168,69452138,3456000,100,410,1889
2076,July,July,607,Cage Warriors,159,160,184,54140719,3840000,100,410,1889
2076,July,July,607,KSW,160,160,184,63730930,3840000,100,410,1889
2076,July,July,607,Legacy Fighting Alliance,144,144,168,51943887,3456000,99,410,1889
2076,July,July,607,ONE Championship,199,200,224,94690043,4800000,99,410,1889
2076,July,July,607,Oktagon MMA,159,160,184,88056487,3840000,99,410,1889
2076,July,July,607,Professional Fighters League,200,200,224,90844060,4800000,98,410,1889
2076,July,July,607,RIZIN Fighting Federation,174,176,200,74905561,4224000,99,410,1889
2076,July,July,607,Ultimate Fighting Championship,265,280,304,115877570,6720000,100,410,1889
2076,December,December,612,Absolute Championship Akhmat,144,144,168,63858644,3456000,99,411,1891
2076,December,December,612,BAMMA,144,144,168,43657212,3456000,99,411,1891
2076,December,December,612,BRAVE Combat Federation,144,144,168,65741762,3456000,99,411,1891
2076,December,December,612,Cage Warriors,157,160,184,56054256,3840000,99,411,1891
2076,December,December,612,KSW,160,160,184,60260312,3840000,99,411,1891
2076,December,December,612,Legacy Fighting Alliance,144,144,168,51230947,3456000,99,411,1891
2076,December,December,612,ONE Championship,200,200,224,93749119,4800000,99,411,1891
2076,December,December,612,Oktagon MMA,157,160,184,85735334,3840000,99,411,1891
2076,December,December,612,Professional Fighters League,200,200,224,91282518,4800000,99,411,1891
2076,December,December,612,RIZIN Fighting Federation,175,176,200,77025034,4224000,99,411,1891
2076,December,December,612,Ultimate Fighting Championship,266,280,304,116555760,6720000,99,411,1891
2077,July,July,619,Absolute Championship Akhmat,143,144,168,60558335,3456000,99,411,1882
2077,July,July,619,BAMMA,144,144,168,46916794,3456000,100,411,1882
2077,July,July,619,BRAVE Combat Federation,144,144,168,61293399,3456000,99,411,1882
2077,July,July,619,Cage Warriors,157,160,184,57345275,3840000,100,411,1882
2077,July,July,619,KSW,160,160,184,64042794,3840000,99,411,1882
2077,July,July,619,Legacy Fighting Alliance,144,144,168,54248470,3456000,100,411,1882
2077,July,July,619,ONE Championship,197,200,224,100443537,4800000,100,411,1882
2077,July,July,619,Oktagon MMA,157,160,184,89771856,3840000,99,411,1882
2077,July,July,619,Professional Fighters League,199,200,224,90806087,4800000,99,411,1882
2077,July,July,619,RIZIN Fighting Federation,173,176,200,79031845,4224000,100,411,1882
2077,July,July,619,Ultimate Fighting Championship,264,280,304,119328255,6720000,99,411,1882
2077,December,December,624,Absolute Championship Akhmat,141,144,168,63716146,3456000,99,413,1880
2077,December,December,624,BAMMA,141,144,168,47755984,3456000,99,413,1880
2077,December,December,624,BRAVE Combat Federation,144,144,168,63769283,3456000,99,413,1880
2077,December,December,624,Cage Warriors,156,160,184,56483077,3840000,99,413,1880
2077,December,December,624,KSW,160,160,184,61385059,3840000,99,413,1880
2077,December,December,624,Legacy Fighting Alliance,141,144,168,53853864,3456000,99,413,1880
2077,December,December,624,ONE Championship,198,200,224,102163392,4800000,99,413,1880
2077,December,December,624,Oktagon MMA,160,160,184,85641918,3840000,99,413,1880
2077,December,December,624,Professional Fighters League,200,200,224,86627664,4800000,99,413,1880
2077,December,December,624,RIZIN Fighting Federation,176,176,200,71190115,4224000,99,413,1880
2077,December,December,624,Ultimate Fighting Championship,263,280,304,118078883,6720000,99,413,1880
2078,July,July,631,Absolute Championship Akhmat,140,144,168,69721954,3456000,100,412,1874
2078,July,July,631,BAMMA,143,144,168,48925707,3456000,100,412,1874
2078,July,July,631,BRAVE Combat Federation,144,144,168,65575126,3456000,100,412,1874
2078,July,July,631,Cage Warriors,160,160,184,56208632,3840000,100,412,1874
2078,July,July,631,KSW,160,160,184,65852352,3840000,100,412,1874
2078,July,July,631,Legacy Fighting Alliance,136,144,168,53327995,3456000,100,412,1874
2078,July,July,631,ONE Championship,199,200,224,99687618,4800000,99,412,1874
2078,July,July,631,Oktagon MMA,160,160,184,94728918,3840000,100,412,1874
2078,July,July,631,Professional Fighters League,198,200,224,83333468,4800000,99,412,1874
2078,July,July,631,RIZIN Fighting Federation,176,176,200,65700735,4224000,99,412,1874
2078,July,July,631,Ultimate Fighting Championship,258,280,304,128861819,6720000,100,412,1874
2078,December,December,636,Absolute Championship Akhmat,144,144,168,69356513,3456000,99,409,1876
2078,December,December,636,BAMMA,144,144,168,48954676,3456000,99,409,1876
2078,December,December,636,BRAVE Combat Federation,144,144,168,67316383,3456000,99,409,1876
2078,December,December,636,Cage Warriors,160,160,184,53599592,3840000,99,409,1876
2078,December,December,636,KSW,158,160,184,66655155,3840000,99,409,1876
2078,December,December,636,Legacy Fighting Alliance,140,144,168,50012193,3456000,99,409,1876
2078,December,December,636,ONE Championship,195,200,224,96394526,4800000,99,409,1876
2078,December,December,636,Oktagon MMA,160,160,184,89344873,3840000,99,409,1876
2078,December,December,636,Professional Fighters League,197,200,224,88819751,4800000,99,409,1876
2078,December,December,636,RIZIN Fighting Federation,176,176,200,68206037,4224000,99,409,1876
2078,December,December,636,Ultimate Fighting Championship,258,280,304,125367690,6720000,99,409,1876
2079,July,July,643,Absolute Championship Akhmat,142,144,168,61588573,3456000,98,411,1877
2079,July,July,643,BAMMA,143,144,168,50291809,3456000,100,411,1877
2079,July,July,643,BRAVE Combat Federation,144,144,168,72745199,3456000,100,411,1877
2079,July,July,643,Cage Warriors,160,160,184,53002246,3840000,100,411,1877
2079,July,July,643,KSW,160,160,184,65785708,3840000,99,411,1877
2079,July,July,643,Legacy Fighting Alliance,142,144,168,48827882,3456000,99,411,1877
2079,July,July,643,ONE Championship,200,200,224,98183245,4800000,100,411,1877
2079,July,July,643,Oktagon MMA,160,160,184,96206634,3840000,100,411,1877
2079,July,July,643,Professional Fighters League,193,200,224,90168674,4800000,99,411,1877
2079,July,July,643,RIZIN Fighting Federation,176,176,200,65079909,4224000,100,411,1877
2079,July,July,643,Ultimate Fighting Championship,257,280,304,126108956,6720000,100,411,1877
2079,December,December,648,Absolute Championship Akhmat,144,144,168,61646813,3456000,99,409,1870
2079,December,December,648,BAMMA,143,144,168,44108423,3456000,98,409,1870
2079,December,December,648,BRAVE Combat Federation,143,144,168,76882247,3456000,99,409,1870
2079,December,December,648,Cage Warriors,159,160,184,51570291,3840000,99,409,1870
2079,December,December,648,KSW,155,160,184,61473550,3840000,99,409,1870
2079,December,December,648,Legacy Fighting Alliance,143,144,168,50848027,3456000,99,409,1870
2079,December,December,648,ONE Championship,199,200,224,94600572,4800000,99,409,1870
2079,December,December,648,Oktagon MMA,158,160,184,96486469,3840000,99,409,1870
2079,December,December,648,Professional Fighters League,195,200,224,87473442,4800000,99,409,1870
2079,December,December,648,RIZIN Fighting Federation,173,176,200,70436081,4224000,99,409,1870
2079,December,December,648,Ultimate Fighting Championship,258,280,304,138072677,6720000,99,409,1870
2080,July,July,655,Absolute Championship Akhmat,142,144,168,67280239,3456000,100,408,1860
2080,July,July,655,BAMMA,143,144,168,46203945,3456000,100,408,1860
2080,July,July,655,BRAVE Combat Federation,141,144,168,72325631,3456000,100,408,1860
2080,July,July,655,Cage Warriors,159,160,184,56454121,3840000,100,408,1860
2080,July,July,655,KSW,153,160,184,55933037,3840000,98,408,1860
2080,July,July,655,Legacy Fighting Alliance,144,144,168,55926357,3456000,100,408,1860
2080,July,July,655,ONE Championship,199,200,224,91737563,4800000,99,408,1860
2080,July,July,655,Oktagon MMA,158,160,184,97464466,3840000,100,408,1860
2080,July,July,655,Professional Fighters League,193,200,224,88461487,4800000,99,408,1860
2080,July,July,655,RIZIN Fighting Federation,170,176,200,75392484,4224000,100,408,1860
2080,July,July,655,Ultimate Fighting Championship,258,280,304,133968286,6720000,100,408,1860
2080,December,December,660,Absolute Championship Akhmat,143,144,168,65611378,3456000,99,409,1860
2080,December,December,660,BAMMA,144,144,168,43546969,3456000,99,409,1860
2080,December,December,660,BRAVE Combat Federation,144,144,168,66799433,3456000,99,409,1860
2080,December,December,660,Cage Warriors,158,160,184,54662848,3840000,99,409,1860
2080,December,December,660,KSW,150,160,184,57905667,3840000,99,409,1860
2080,December,December,660,Legacy Fighting Alliance,144,144,168,57958031,3456000,99,409,1860
2080,December,December,660,ONE Championship,197,200,224,88355165,4800000,99,409,1860
2080,December,December,660,Oktagon MMA,156,160,184,94193330,3840000,99,409,1860
2080,December,December,660,Professional Fighters League,196,200,224,78532569,4800000,98,409,1860
2080,December,December,660,RIZIN Fighting Federation,171,176,200,68971979,4224000,98,409,1860
2080,December,December,660,Ultimate Fighting Championship,257,280,304,131064604,6720000,99,409,1860
2081,July,July,667,Absolute Championship Akhmat,143,144,168,60873809,3456000,99,408,1855
2081,July,July,667,BAMMA,142,144,168,41394757,3456000,99,408,1855
2081,July,July,667,BRAVE Combat Federation,141,144,168,67229230,3456000,100,408,1855
2081,July,July,667,Cage Warriors,153,160,184,54718498,3840000,100,408,1855
2081,July,July,667,KSW,150,160,184,59831424,3840000,99,408,1855
2081,July,July,667,Legacy Fighting Alliance,144,144,168,56837127,3456000,98,408,1855
2081,July,July,667,ONE Championship,199,200,224,93729998,4800000,99,408,1855
2081,July,July,667,Oktagon MMA,159,160,184,100687489,3840000,100,408,1855
2081,July,July,667,Professional Fighters League,197,200,224,77752587,4800000,99,408,1855
2081,July,July,667,RIZIN Fighting Federation,169,176,200,64794291,4224000,98,408,1855
2081,July,July,667,Ultimate Fighting Championship,258,280,304,138668570,6720000,99,408,1855
2081,December,December,672,Absolute Championship Akhmat,144,144,168,62389111,3456000,99,409,1858
2081,December,December,672,BAMMA,141,144,168,38128842,3456000,98,409,1858
2081,December,December,672,BRAVE Combat Federation,143,144,168,69907111,3456000,99,409,1858
2081,December,December,672,Cage Warriors,155,160,184,54136214,3840000,99,409,1858
2081,December,December,672,KSW,154,160,184,56203984,3840000,98,409,1858
2081,December,December,672,Legacy Fighting Alliance,144,144,168,56687878,3456000,99,409,1858
2081,December,December,672,ONE Championship,200,200,224,88722924,4800000,99,409,1858
2081,December,December,672,Oktagon MMA,159,160,184,97989740,3840000,99,409,1858
2081,December,December,672,Professional Fighters League,191,200,224,81414907,4800000,99,409,1858
2081,December,December,672,RIZIN Fighting Federation,170,176,200,60765296,4224000,99,409,1858
2081,December,December,672,Ultimate Fighting Championship,257,280,304,132594965,6720000,99,409,1858
2082,July,July,679,Absolute Championship Akhmat,144,144,168,61639366,3456000,99,409,1852
2082,July,July,679,BAMMA,144,144,168,43458929,3456000,99,409,1852
2082,July,July,679,BRAVE Combat Federation,144,144,168,70543653,3456000,100,409,1852
2082,July,July,679,Cage Warriors,158,160,184,54991455,3840000,100,409,1852
2082,July,July,679,KSW,155,160,184,57460142,3840000,99,409,1852
2082,July,July,679,Legacy Fighting Alliance,144,144,168,57272842,3456000,100,409,1852
2082,July,July,679,ONE Championship,195,200,224,90062748,4800000,100,409,1852
2082,July,July,679,Oktagon MMA,159,160,184,102073621,3840000,100,409,1852
2082,July,July,679,Professional Fighters League,185,200,224,87639162,4800000,100,409,1852
2082,July,July,679,RIZIN Fighting Federation,169,176,200,61570670,4224000,99,409,1852
2082,July,July,679,Ultimate Fighting Championship,255,280,304,143106218,6720000,99,409,1852
2082,December,December,684,Absolute Championship Akhmat,143,144,168,62528471,3456000,99,409,1857
2082,December,December,684,BAMMA,144,144,168,46718728,3456000,99,409,1857
2082,December,December,684,BRAVE Combat Federation,143,144,168,65322103,3456000,99,409,1857
2082,December,December,684,Cage Warriors,159,160,184,53745811,3840000,99,409,1857
2082,December,December,684,KSW,159,160,184,61018673,3840000,99,409,1857
2082,December,December,684,Legacy Fighting Alliance,142,144,168,57038901,3456000,99,409,1857
2082,December,December,684,ONE Championship,194,200,224,78493193,4800000,98,409,1857
2082,December,December,684,Oktagon MMA,160,160,184,104684422,3840000,99,409,1857
2082,December,December,684,Professional Fighters League,187,200,224,87482313,4800000,99,409,1857
2082,December,December,684,RIZIN Fighting Federation,168,176,200,64636408,4224000,99,409,1857
2082,December,December,684,Ultimate Fighting Championship,258,280,304,139522876,6720000,99,409,1857
2083,July,July,691,Absolute Championship Akhmat,144,144,168,65986328,3456000,100,410,1852
2083,July,July,691,BAMMA,144,144,168,49291660,3456000,100,410,1852
2083,July,July,691,BRAVE Combat Federation,144,144,168,62946650,3456000,100,410,1852
2083,July,July,691,Cage Warriors,157,160,184,56669480,3840000,99,410,1852
2083,July,July,691,KSW,156,160,184,62102655,3840000,100,410,1852
2083,July,July,691,Legacy Fighting Alliance,142,144,168,54783350,3456000,100,410,1852
2083,July,July,691,ONE Championship,193,200,224,86645890,4800000,100,410,1852
2083,July,July,691,Oktagon MMA,159,160,184,106700062,3840000,100,410,1852
2083,July,July,691,Professional Fighters League,187,200,224,84966843,4800000,100,410,1852
2083,July,July,691,RIZIN Fighting Federation,168,176,200,62370341,4224000,99,410,1852
2083,July,July,691,Ultimate Fighting Championship,258,280,304,142188122,6720000,99,410,1852
2083,December,December,696,Absolute Championship Akhmat,144,144,168,67021714,3456000,99,411,1862
2083,December,December,696,BAMMA,143,144,168,47309369,3456000,99,411,1862
2083,December,December,696,BRAVE Combat Federation,143,144,168,63886299,3456000,99,411,1862
2083,December,December,696,Cage Warriors,160,160,184,53539476,3840000,99,411,1862
2083,December,December,696,KSW,157,160,184,62699141,3840000,99,411,1862
2083,December,December,696,Legacy Fighting Alliance,143,144,168,51422109,3456000,99,411,1862
2083,December,December,696,ONE Championship,192,200,224,87789102,4800000,99,411,1862
2083,December,December,696,Oktagon MMA,160,160,184,105202247,3840000,99,411,1862
2083,December,December,696,Professional Fighters League,188,200,224,92079520,4800000,99,411,1862
2083,December,December,696,RIZIN Fighting Federation,172,176,200,59214698,4224000,98,411,1862
2083,December,December,696,Ultimate Fighting Championship,260,280,304,136193344,6720000,99,411,1862
2084,July,July,703,Absolute Championship Akhmat,144,144,168,70461319,3456000,100,410,1847
2084,July,July,703,BAMMA,144,144,168,47926782,3456000,100,410,1847
2084,July,July,703,BRAVE Combat Federation,143,144,168,67151162,3456000,100,410,1847
2084,July,July,703,Cage Warriors,160,160,184,48438580,3840000,98,410,1847
2084,July,July,703,KSW,155,160,184,64015362,3840000,99,410,1847
2084,July,July,703,Legacy Fighting Alliance,143,144,168,54275375,3456000,100,410,1847
2084,July,July,703,ONE Championship,186,200,224,99456435,4800000,99,410,1847
2084,July,July,703,Oktagon MMA,157,160,184,104635981,3840000,100,410,1847
2084,July,July,703,Professional Fighters League,190,200,224,88963224,4800000,100,410,1847
2084,July,July,703,RIZIN Fighting Federation,172,176,200,58471715,4224000,98,410,1847
2084,July,July,703,Ultimate Fighting Championship,253,280,304,141350730,6720000,99,410,1847
2084,December,December,708,Absolute Championship Akhmat,144,144,168,69429124,3456000,99,409,1857
2084,December,December,708,BAMMA,144,144,168,47414247,3456000,99,409,1857
2084,December,December,708,BRAVE Combat Federation,143,144,168,65729701,3456000,99,409,1857
2084,December,December,708,Cage Warriors,160,160,184,49505330,3840000,99,409,1857
2084,December,December,708,KSW,157,160,184,62453321,3840000,99,409,1857
2084,December,December,708,Legacy Fighting Alliance,143,144,168,51415750,3456000,99,409,1857
2084,December,December,708,ONE Championship,186,200,224,97568806,4800000,99,409,1857
2084,December,December,708,Oktagon MMA,158,160,184,96913853,3840000,99,409,1857
2084,December,December,708,Professional Fighters League,191,200,224,86266949,4800000,99,409,1857
2084,December,December,708,RIZIN Fighting Federation,173,176,200,54700147,4224000,97,409,1857
2084,December,December,708,Ultimate Fighting Championship,258,280,304,136180894,6720000,99,409,1857
2085,July,July,715,Absolute Championship Akhmat,144,144,168,75505801,3456000,100,412,1860
2085,July,July,715,BAMMA,139,144,168,45879991,3456000,99,412,1860
2085,July,July,715,BRAVE Combat Federation,144,144,168,64099036,3456000,100,412,1860
2085,July,July,715,Cage Warriors,160,160,184,49395321,3840000,100,412,1860
2085,July,July,715,KSW,160,160,184,66178766,3840000,100,412,1860
2085,July,July,715,Legacy Fighting Alliance,144,144,168,54839295,3456000,100,412,1860
2085,July,July,715,ONE Championship,187,200,224,104515993,4800000,100,412,1860
2085,July,July,715,Oktagon MMA,160,160,184,92404366,3840000,99,412,1860
2085,July,July,715,Professional Fighters League,192,200,224,87205362,4800000,99,412,1860
2085,July,July,715,RIZIN Fighting Federation,172,176,200,59972386,4224000,100,412,1860
2085,July,July,715,Ultimate Fighting Championship,258,280,304,143194811,6720000,99,412,1860
2085,December,December,720,Absolute Championship Akhmat,142,144,168,70898645,3456000,99,409,1864
2085,December,December,720,BAMMA,142,144,168,44774007,3456000,99,409,1864
2085,December,December,720,BRAVE Combat Federation,141,144,168,62183100,3456000,99,409,1864
2085,December,December,720,Cage Warriors,160,160,184,48216510,3840000,99,409,1864
2085,December,December,720,KSW,159,160,184,62112710,3840000,99,409,1864
2085,December,December,720,Legacy Fighting Alliance,144,144,168,54665032,3456000,99,409,1864
2085,December,December,720,ONE Championship,189,200,224,90704953,4800000,98,409,1864
2085,December,December,720,Oktagon MMA,160,160,184,85213831,3840000,99,409,1864
2085,December,December,720,Professional Fighters League,193,200,224,92989401,4800000,99,409,1864
2085,December,December,720,RIZIN Fighting Federation,175,176,200,66824007,4224000,99,409,1864
2085,December,December,720,Ultimate Fighting Championship,259,280,304,136251682,6720000,99,409,1864
2086,July,July,727,Absolute Championship Akhmat,144,144,168,67150689,3456000,99,410,1861
2086,July,July,727,BAMMA,143,144,168,48506645,3456000,100,410,1861
2086,July,July,727,BRAVE Combat Federation,141,144,168,60734391,3456000,100,410,1861
2086,July,July,727,Cage Warriors,160,160,184,50675100,3840000,100,410,1861
2086,July,July,727,KSW,160,160,184,66815547,3840000,100,410,1861
2086,July,July,727,Legacy Fighting Alliance,144,144,168,54954603,3456000,99,410,1861
2086,July,July,727,ONE Championship,189,200,224,83416760,4800000,97,410,1861
2086,July,July,727,Oktagon MMA,157,160,184,80512225,3840000,98,410,1861
2086,July,July,727,Professional Fighters League,189,200,224,87879195,4800000,99,410,1861
2086,July,July,727,RIZIN Fighting Federation,174,176,200,71892068,4224000,100,410,1861
2086,July,July,727,Ultimate Fighting Championship,260,280,304,146407302,6720000,100,410,1861
2086,December,December,732,Absolute Championship Akhmat,143,144,168,58388426,3456000,97,411,1860
2086,December,December,732,BAMMA,143,144,168,45724915,3456000,99,411,1860
2086,December,December,732,BRAVE Combat Federation,141,144,168,61266894,3456000,99,411,1860
2086,December,December,732,Cage Warriors,159,160,184,46663819,3840000,99,411,1860
2086,December,December,732,KSW,160,160,184,67363421,3840000,99,411,1860
2086,December,December,732,Legacy Fighting Alliance,144,144,168,52386132,3456000,99,411,1860
2086,December,December,732,ONE Championship,190,200,224,80140028,4800000,97,411,1860
2086,December,December,732,Oktagon MMA,155,160,184,82061501,3840000,99,411,1860
2086,December,December,732,Professional Fighters League,190,200,224,87189293,4800000,99,411,1860
2086,December,December,732,RIZIN Fighting Federation,176,176,200,67835989,4224000,99,411,1860
2086,December,December,732,Ultimate Fighting Championship,259,280,304,150703152,6720000,99,411,1860
2087,July,July,739,Absolute Championship Akhmat,144,144,168,61477081,3456000,100,410,1861
2087,July,July,739,BAMMA,144,144,168,45825818,3456000,99,410,1861
2087,July,July,739,BRAVE Combat Federation,143,144,168,59871877,3456000,99,410,1861
2087,July,July,739,Cage Warriors,159,160,184,45828451,3840000,98,410,1861
2087,July,July,739,KSW,159,160,184,68066140,3840000,100,410,1861
2087,July,July,739,Legacy Fighting Alliance,144,144,168,53774727,3456000,100,410,1861
2087,July,July,739,ONE Championship,189,200,224,94113684,4800000,100,410,1861
2087,July,July,739,Oktagon MMA,158,160,184,91431482,3840000,100,410,1861
2087,July,July,739,Professional Fighters League,187,200,224,86635319,4800000,99,410,1861
2087,July,July,739,RIZIN Fighting Federation,176,176,200,68940098,4224000,100,410,1861
2087,July,July,739,Ultimate Fighting Championship,258,280,304,137715172,6720000,99,410,1861
2087,December,December,744,Absolute Championship Akhmat,141,144,168,63311555,3456000,99,409,1856
2087,December,December,744,BAMMA,143,144,168,44911494,3456000,99,409,1856
2087,December,December,744,BRAVE Combat Federation,143,144,168,57080342,3456000,99,409,1856
2087,December,December,744,Cage Warriors,157,160,184,45339273,3840000,99,409,1856
2087,December,December,744,KSW,159,160,184,69893650,3840000,99,409,1856
2087,December,December,744,Legacy Fighting Alliance,144,144,168,50847587,3456000,99,409,1856
2087,December,December,744,ONE Championship,189,200,224,84088150,4800000,98,409,1856
2087,December,December,744,Oktagon MMA,159,160,184,81686858,3840000,99,409,1856
2087,December,December,744,Professional Fighters League,187,200,224,82943385,4800000,99,409,1856
2087,December,December,744,RIZIN Fighting Federation,175,176,200,68689441,4224000,99,409,1856
2087,December,December,744,Ultimate Fighting Championship,259,280,304,129868909,6720000,99,409,1856
2088,July,July,751,Absolute Championship Akhmat,141,144,168,62820425,3456000,99,412,1853
2088,July,July,751,BAMMA,142,144,168,44124699,3456000,98,412,1853
2088,July,July,751,BRAVE Combat Federation,144,144,168,56923208,3456000,99,412,1853
2088,July,July,751,Cage Warriors,155,160,184,43610198,3840000,99,412,1853
2088,July,July,751,KSW,160,160,184,68500362,3840000,99,412,1853
2088,July,July,751,Legacy Fighting Alliance,144,144,168,55746798,3456000,100,412,1853
2088,July,July,751,ONE Championship,188,200,224,84657835,4800000,99,412,1853
2088,July,July,751,Oktagon MMA,160,160,184,83860706,3840000,100,412,1853
2088,July,July,751,Professional Fighters League,183,200,224,87404996,4800000,99,412,1853
2088,July,July,751,RIZIN Fighting Federation,176,176,200,66508890,4224000,98,412,1853
2088,July,July,751,Ultimate Fighting Championship,260,280,304,125361929,6720000,99,412,1853
2088,December,December,756,Absolute Championship Akhmat,142,144,168,58409543,3456000,98,410,1853
2088,December,December,756,BAMMA,142,144,168,46013642,3456000,99,410,1853
2088,December,December,756,BRAVE Combat Federation,144,144,168,56584729,3456000,99,410,1853
2088,December,December,756,Cage Warriors,155,160,184,39140707,3840000,98,410,1853
2088,December,December,756,KSW,160,160,184,62507137,3840000,99,410,1853
2088,December,December,756,Legacy Fighting Alliance,143,144,168,54366334,3456000,99,410,1853
2088,December,December,756,ONE Championship,191,200,224,73902104,4800000,97,410,1853
2088,December,December,756,Oktagon MMA,160,160,184,81449106,3840000,99,410,1853
2088,December,December,756,Professional Fighters League,183,200,224,93112043,4800000,99,410,1853
2088,December,December,756,RIZIN Fighting Federation,173,176,200,58192681,4224000,96,410,1853
2088,December,December,756,Ultimate Fighting Championship,260,280,304,126629541,6720000,99,410,1853
2089,July,July,763,Absolute Championship Akhmat,144,144,168,58089371,3456000,99,411,1843
2089,July,July,763,BAMMA,144,144,168,49085297,3456000,100,411,1843
2089,July,July,763,BRAVE Combat Federation,141,144,168,60626414,3456000,99,411,1843
2089,July,July,763,Cage Warriors,155,160,184,38815340,3840000,99,411,1843
2089,July,July,763,KSW,158,160,184,66892948,3840000,99,411,1843
2089,July,July,763,Legacy Fighting Alliance,143,144,168,54280563,3456000,100,411,1843
2089,July,July,763,ONE Championship,186,200,224,82916965,4800000,99,411,1843
2089,July,July,763,Oktagon MMA,156,160,184,89922626,3840000,99,411,1843
2089,July,July,763,Professional Fighters League,181,200,224,97250609,4800000,100,411,1843
2089,July,July,763,RIZIN Fighting Federation,176,176,200,62621885,4224000,97,411,1843
2089,July,July,763,Ultimate Fighting Championship,259,280,304,141559427,6720000,100,411,1843
2089,December,December,768,Absolute Championship Akhmat,144,144,168,58644980,3456000,99,410,1842
2089,December,December,768,BAMMA,144,144,168,50249682,3456000,99,410,1842
2089,December,December,768,BRAVE Combat Federation,139,144,168,64401203,3456000,99,410,1842
2089,December,December,768,Cage Warriors,155,160,184,37581754,3840000,99,410,1842
2089,December,December,768,KSW,158,160,184,68657385,3840000,99,410,1842
2089,December,December,768,Legacy Fighting Alliance,144,144,168,52020674,3456000,99,410,1842
2089,December,December,768,ONE Championship,186,200,224,87184277,4800000,99,410,1842
2089,December,December,768,Oktagon MMA,159,160,184,91758633,3840000,99,410,1842
2089,December,December,768,Professional Fighters League,180,200,224,95590136,4800000,99,410,1842
2089,December,December,768,RIZIN Fighting Federation,175,176,200,59102254,4224000,96,410,1842
2089,December,December,768,Ultimate Fighting Championship,258,280,304,140661951,6720000,99,410,1842
2090,July,July,775,Absolute Championship Akhmat,144,144,168,53579118,3456000,98,409,1839
2090,July,July,775,BAMMA,144,144,168,52248598,3456000,100,409,1839
2090,July,July,775,BRAVE Combat Federation,140,144,168,62779094,3456000,99,409,1839
2090,July,July,775,Cage Warriors,156,160,184,40495126,3840000,100,409,1839
2090,July,July,775,KSW,160,160,184,68160481,3840000,100,409,1839
2090,July,July,775,Legacy Fighting Alliance,144,144,168,56456269,3456000,100,409,1839
2090,July,July,775,ONE Championship,183,200,224,81654831,4800000,99,409,1839
2090,July,July,775,Oktagon MMA,158,160,184,88344342,3840000,100,409,1839
2090,July,July,775,Professional Fighters League,178,200,224,98420115,4800000,99,409,1839
2090,July,July,775,RIZIN Fighting Federation,175,176,200,61666576,4224000,97,409,1839
2090,July,July,775,Ultimate Fighting Championship,257,280,304,136608596,6720000,99,409,1839
2090,December,December,780,Absolute Championship Akhmat,143,144,168,54893352,3456000,99,409,1847
2090,December,December,780,BAMMA,142,144,168,52353071,3456000,99,409,1847
2090,December,December,780,BRAVE Combat Federation,143,144,168,61085004,3456000,99,409,1847
2090,December,December,780,Cage Warriors,159,160,184,39953820,3840000,99,409,1847
2090,December,December,780,KSW,159,160,184,62997447,3840000,99,409,1847
2090,December,December,780,Legacy Fighting Alliance,143,144,168,55559737,3456000,99,409,1847
2090,December,December,780,ONE Championship,183,200,224,79290110,4800000,99,409,1847
2090,December,December,780,Oktagon MMA,160,160,184,82810300,3840000,99,409,1847
2090,December,December,780,Professional Fighters League,179,200,224,92020942,4800000,99,409,1847
2090,December,December,780,RIZIN Fighting Federation,176,176,200,56685953,4224000,96,409,1847
2090,December,December,780,Ultimate Fighting Championship,260,280,304,132733197,6720000,99,409,1847
2091,July,July,787,Absolute Championship Akhmat,144,144,168,58911074,3456000,100,411,1840
2091,July,July,787,BAMMA,144,144,168,51593106,3456000,100,411,1840
2091,July,July,787,BRAVE Combat Federation,144,144,168,62154383,3456000,99,411,1840
2091,July,July,787,Cage Warriors,160,160,184,46001304,3840000,100,411,1840
2091,July,July,787,KSW,159,160,184,65026834,3840000,99,411,1840
2091,July,July,787,Legacy Fighting Alliance,142,144,168,54947346,3456000,100,411,1840
2091,July,July,787,ONE Championship,183,200,224,79287564,4800000,100,411,1840
2091,July,July,787,Oktagon MMA,160,160,184,89868804,3840000,100,411,1840
2091,July,July,787,Professional Fighters League,178,200,224,95540139,4800000,99,411,1840
2091,July,July,787,RIZIN Fighting Federation,168,176,200,56110740,4224000,96,411,1840
2091,July,July,787,Ultimate Fighting Championship,258,280,304,134753856,6720000,100,411,1840
2091,December,December,792,Absolute Championship Akhmat,142,144,168,60409728,3456000,99,410,1833
2091,December,December,792,BAMMA,144,144,168,47693038,3456000,99,410,1833
2091,December,December,792,BRAVE Combat Federation,143,144,168,63662715,3456000,99,410,1833
2091,December,December,792,Cage Warriors,157,160,184,44527734,3840000,99,410,1833
2091,December,December,792,KSW,159,160,184,63774955,3840000,98,410,1833
2091,December,December,792,Legacy Fighting Alliance,144,144,168,53735007,3456000,99,410,1833
2091,December,December,792,ONE Championship,182,200,224,80714223,4800000,99,410,1833
2091,December,December,792,Oktagon MMA,159,160,184,88297972,3840000,99,410,1833
2091,December,December,792,Professional Fighters League,178,200,224,90245384,4800000,99,410,1833
2091,December,December,792,RIZIN Fighting Federation,165,176,200,52984806,4224000,96,410,1833
2091,December,December,792,Ultimate Fighting Championship,260,280,304,134642571,6720000,99,410,1833
2092,July,July,799,Absolute Championship Akhmat,140,144,168,62500398,3456000,99,409,1827
2092,July,July,799,BAMMA,144,144,168,45321753,3456000,98,409,1827
2092,July,July,799,BRAVE Combat Federation,143,144,168,61373449,3456000,100,409,1827
2092,July,July,799,Cage Warriors,157,160,184,46242595,3840000,100,409,1827
2092,July,July,799,KSW,160,160,184,59989149,3840000,98,409,1827
2092,July,July,799,Legacy Fighting Alliance,144,144,168,52531921,3456000,99,409,1827
2092,July,July,799,ONE Championship,180,200,224,79389915,4800000,100,409,1827
2092,July,July,799,Oktagon MMA,159,160,184,88181603,3840000,100,409,1827
2092,July,July,799,Professional Fighters League,179,200,224,106613256,4800000,100,409,1827
2092,July,July,799,RIZIN Fighting Federation,163,176,200,58403886,4224000,98,409,1827
2092,July,July,799,Ultimate Fighting Championship,258,280,304,126052728,6720000,99,409,1827
2092,December,December,804,Absolute Championship Akhmat,143,144,168,64530776,3456000,99,408,1838
2092,December,December,804,BAMMA,144,144,168,40400689,3456000,97,408,1838
2092,December,December,804,BRAVE Combat Federation,144,144,168,59219633,3456000,99,408,1838
2092,December,December,804,Cage Warriors,159,160,184,44466651,3840000,99,408,1838
2092,December,December,804,KSW,159,160,184,62167655,3840000,99,408,1838
2092,December,December,804,Legacy Fighting Alliance,142,144,168,53655652,3456000,99,408,1838
2092,December,December,804,ONE Championship,184,200,224,71952627,4800000,99,408,1838
2092,December,December,804,Oktagon MMA,159,160,184,94253446,3840000,99,408,1838
2092,December,December,804,Professional Fighters League,181,200,224,110019411,4800000,99,408,1838
2092,December,December,804,RIZIN Fighting Federation,165,176,200,61447324,4224000,99,408,1838
2092,December,December,804,Ultimate Fighting Championship,258,280,304,119569061,6720000,99,408,1838
2093,July,July,811,Absolute Championship Akhmat,144,144,168,64368749,3456000,99,411,1836
2093,July,July,811,BAMMA,144,144,168,43901621,3456000,100,411,1836
2093,July,July,811,BRAVE Combat Federation,143,144,168,59445833,3456000,99,411,1836
2093,July,July,811,Cage Warriors,160,160,184,49426090,3840000,100,411,1836
2093,July,July,811,KSW,158,160,184,66812750,3840000,100,411,1836
2093,July,July,811,Legacy Fighting Alliance,139,144,168,54174645,3456000,99,411,1836
2093,July,July,811,ONE Championship,186,200,224,78612722,4800000,100,411,1836
2093,July,July,811,Oktagon MMA,159,160,184,94571163,3840000,100,411,1836
2093,July,July,811,Professional Fighters League,181,200,224,115724035,4800000,99,411,1836
2093,July,July,811,RIZIN Fighting Federation,164,176,200,58976319,4224000,100,411,1836
2093,July,July,811,Ultimate Fighting Championship,258,280,304,117125490,6720000,99,411,1836
2093,December,December,816,Absolute Championship Akhmat,143,144,168,60079613,3456000,99,411,1852
2093,December,December,816,BAMMA,144,144,168,42626038,3456000,99,411,1852
2093,December,December,816,BRAVE Combat Federation,144,144,168,62492423,3456000,99,411,1852
2093,December,December,816,Cage Warriors,160,160,184,51736948,3840000,99,411,1852
2093,December,December,816,KSW,159,160,184,64335543,3840000,99,411,1852
2093,December,December,816,Legacy Fighting Alliance,143,144,168,50677304,3456000,99,411,1852
2093,December,December,816,ONE Championship,188,200,224,79857197,4800000,99,411,1852
2093,December,December,816,Oktagon MMA,160,160,184,91144097,3840000,98,411,1852
2093,December,December,816,Professional Fighters League,185,200,224,112412559,4800000,99,411,1852
2093,December,December,816,RIZIN Fighting Federation,168,176,200,61715939,4224000,99,411,1852
2093,December,December,816,Ultimate Fighting Championship,258,280,304,110243063,6720000,99,411,1852
2094,July,July,823,Absolute Championship Akhmat,140,144,168,60718746,3456000,98,413,1855
2094,July,July,823,BAMMA,144,144,168,43666407,3456000,100,413,1855
2094,July,July,823,BRAVE Combat Federation,144,144,168,68758823,3456000,100,413,1855
2094,July,July,823,Cage Warriors,160,160,184,50374836,3840000,99,413,1855
2094,July,July,823,KSW,160,160,184,66458980,3840000,99,413,1855
2094,July,July,823,Legacy Fighting Alliance,140,144,168,50227872,3456000,100,413,1855
2094,July,July,823,ONE Championship,191,200,224,78616608,4800000,99,413,1855
2094,July,July,823,Oktagon MMA,160,160,184,83445481,3840000,97,413,1855
2094,July,July,823,Professional Fighters League,189,200,224,110690172,4800000,100,413,1855
2094,July,July,823,RIZIN Fighting Federation,169,176,200,69483040,4224000,100,413,1855
2094,July,July,823,Ultimate Fighting Championship,258,280,304,100925526,6720000,98,413,1855
2094,December,December,828,Absolute Championship Akhmat,140,144,168,59247212,3456000,99,408,1867
2094,December,December,828,BAMMA,144,144,168,41341520,3456000,99,408,1867
2094,December,December,828,BRAVE Combat Federation,144,144,168,62565060,3456000,99,408,1867
2094,December,December,828,Cage Warriors,160,160,184,53509877,3840000,99,408,1867
2094,December,December,828,KSW,160,160,184,63804918,3840000,99,408,1867
2094,December,December,828,Legacy Fighting Alliance,140,144,168,52577013,3456000,99,408,1867
2094,December,December,828,ONE Championship,195,200,224,80131973,4800000,99,408,1867
2094,December,December,828,Oktagon MMA,160,160,184,82709242,3840000,99,408,1867
2094,December,December,828,Professional Fighters League,192,200,224,100879211,4800000,99,408,1867
2094,December,December,828,RIZIN Fighting Federation,174,176,200,69860436,4224000,99,408,1867
2094,December,December,828,Ultimate Fighting Championship,258,280,304,104463937,6720000,99,408,1867
2095,July,July,835,Absolute Championship Akhmat,140,144,168,62521498,3456000,99,411,1859
2095,July,July,835,BAMMA,143,144,168,40379340,3456000,100,411,1859
2095,July,July,835,BRAVE Combat Federation,144,144,168,58207983,3456000,99,411,1859
2095,July,July,835,Cage Warriors,160,160,184,54687427,3840000,100,411,1859
2095,July,July,835,KSW,157,160,184,62470419,3840000,100,411,1859
2095,July,July,835,Legacy Fighting Alliance,139,144,168,55563667,3456000,100,411,1859
2095,July,July,835,ONE Championship,191,200,224,83751954,4800000,100,411,1859
2095,July,July,835,Oktagon MMA,158,160,184,95820449,3840000,100,411,1859
2095,July,July,835,Professional Fighters League,192,200,224,93648900,4800000,98,411,1859
2095,July,July,835,RIZIN Fighting Federation,176,176,200,74479537,4224000,100,411,1859
2095,July,July,835,Ultimate Fighting Championship,259,280,304,97216639,6720000,98,411,1859
2095,December,December,840,Absolute Championship Akhmat,141,144,168,61078743,3456000,99,409,1862
2095,December,December,840,BAMMA,141,144,168,40483079,3456000,99,409,1862
2095,December,December,840,BRAVE Combat Federation,144,144,168,59396903,3456000,99,409,1862
2095,December,December,840,Cage Warriors,158,160,184,51524988,3840000,99,409,1862
2095,December,December,840,KSW,155,160,184,62832550,3840000,99,409,1862
2095,December,December,840,Legacy Fighting Alliance,142,144,168,53345708,3456000,99,409,1862
2095,December,December,840,ONE Championship,192,200,224,81694630,4800000,99,409,1862
2095,December,December,840,Oktagon MMA,158,160,184,90743855,3840000,99,409,1862
2095,December,December,840,Professional Fighters League,195,200,224,93522335,4800000,99,409,1862
2095,December,December,840,RIZIN Fighting Federation,176,176,200,79043125,4224000,99,409,1862
2095,December,December,840,Ultimate Fighting Championship,260,280,304,109886778,6720000,99,409,1862
2096,July,July,847,Absolute Championship Akhmat,144,144,168,61475959,3456000,100,410,1867
2096,July,July,847,BAMMA,142,144,168,46259441,3456000,100,410,1867
2096,July,July,847,BRAVE Combat Federation,144,144,168,61957144,3456000,100,410,1867
2096,July,July,847,Cage Warriors,160,160,184,53638109,3840000,100,410,1867
2096,July,July,847,KSW,156,160,184,66553242,3840000,100,410,1867
2096,July,July,847,Legacy Fighting Alliance,144,144,168,54791122,3456000,100,410,1867
2096,July,July,847,ONE Championship,190,200,224,85555487,4800000,99,410,1867
2096,July,July,847,Oktagon MMA,157,160,184,97102048,3840000,100,410,1867
2096,July,July,847,Professional Fighters League,195,200,224,93822849,4800000,99,410,1867
2096,July,July,847,RIZIN Fighting Federation,176,176,200,75705638,4224000,99,410,1867
2096,July,July,847,Ultimate Fighting Championship,259,280,304,99758104,6720000,98,410,1867
2096,December,December,852,Absolute Championship Akhmat,144,144,168,59426642,3456000,99,411,1866
2096,December,December,852,BAMMA,141,144,168,44766935,3456000,99,411,1866
2096,December,December,852,BRAVE Combat Federation,144,144,168,61611505,3456000,99,411,1866
2096,December,December,852,Cage Warriors,157,160,184,57421381,3840000,99,411,1866
2096,December,December,852,KSW,159,160,184,64238411,3840000,99,411,1866
2096,December,December,852,Legacy Fighting Alliance,144,144,168,52620748,3456000,99,411,1866
2096,December,December,852,ONE Championship,191,200,224,84412515,4800000,99,411,1866
2096,December,December,852,Oktagon MMA,158,160,184,89733073,3840000,99,411,1866
2096,December,December,852,Professional Fighters League,194,200,224,102031087,4800000,99,411,1866
2096,December,December,852,RIZIN Fighting Federation,176,176,200,73702256,4224000,99,411,1866
2096,December,December,852,Ultimate Fighting Championship,258,280,304,105252159,6720000,99,411,1866
2097,July,July,859,Absolute Championship Akhmat,144,144,168,60051121,3456000,100,411,1866
2097,July,July,859,BAMMA,142,144,168,44402726,3456000,99,411,1866
2097,July,July,859,BRAVE Combat Federation,144,144,168,59149216,3456000,99,411,1866
2097,July,July,859,Cage Warriors,160,160,184,56742093,3840000,99,411,1866
2097,July,July,859,KSW,159,160,184,71293960,3840000,100,411,1866
2097,July,July,859,Legacy Fighting Alliance,144,144,168,54961054,3456000,100,411,1866
2097,July,July,859,ONE Championship,191,200,224,83351065,4800000,100,411,1866
2097,July,July,859,Oktagon MMA,157,160,184,95964109,3840000,100,411,1866
2097,July,July,859,Professional Fighters League,191,200,224,100638502,4800000,100,411,1866
2097,July,July,859,RIZIN Fighting Federation,174,176,200,90754610,4224000,100,411,1866
2097,July,July,859,Ultimate Fighting Championship,260,280,304,106672835,6720000,100,411,1866
2097,December,December,864,Absolute Championship Akhmat,144,144,168,54960382,3456000,98,412,1872
2097,December,December,864,BAMMA,143,144,168,42763595,3456000,98,412,1872
2097,December,December,864,BRAVE Combat Federation,144,144,168,56081097,3456000,99,412,1872
2097,December,December,864,Cage Warriors,157,160,184,57183455,3840000,99,412,1872
2097,December,December,864,KSW,160,160,184,67764816,3840000,99,412,1872
2097,December,December,864,Legacy Fighting Alliance,143,144,168,55379115,3456000,99,412,1872
2097,December,December,864,ONE Championship,192,200,224,85568411,4800000,99,412,1872
2097,December,December,864,Oktagon MMA,160,160,184,96687626,3840000,99,412,1872
2097,December,December,864,Professional Fighters League,194,200,224,95110235,4800000,99,412,1872
2097,December,December,864,RIZIN Fighting Federation,176,176,200,93739971,4224000,99,412,1872
2097,December,December,864,Ultimate Fighting Championship,259,280,304,106418749,6720000,99,412,1872
2098,July,July,871,Absolute Championship Akhmat,144,144,168,61159655,3456000,100,410,1864
2098,July,July,871,BAMMA,141,144,168,43597635,3456000,99,410,1864
2098,July,July,871,BRAVE Combat Federation,144,144,168,52725250,3456000,99,410,1864
2098,July,July,871,Cage Warriors,160,160,184,57400169,3840000,99,410,1864
2098,July,July,871,KSW,159,160,184,67017996,3840000,99,410,1864
2098,July,July,871,Legacy Fighting Alliance,144,144,168,53835979,3456000,100,410,1864
2098,July,July,871,ONE Championship,189,200,224,86344743,4800000,100,410,1864
2098,July,July,871,Oktagon MMA,160,160,184,96963171,3840000,100,410,1864
2098,July,July,871,Professional Fighters League,192,200,224,88306932,4800000,99,410,1864
2098,July,July,871,RIZIN Fighting Federation,173,176,200,94892427,4224000,100,410,1864
2098,July,July,871,Ultimate Fighting Championship,258,280,304,110456619,6720000,100,410,1864
2098,December,December,876,Absolute Championship Akhmat,144,144,168,61908754,3456000,99,410,1868
2098,December,December,876,BAMMA,142,144,168,44296393,3456000,99,410,1868
2098,December,December,876,BRAVE Combat Federation,143,144,168,49105019,3456000,98,410,1868
2098,December,December,876,Cage Warriors,159,160,184,58329278,3840000,99,410,1868
2098,December,December,876,KSW,158,160,184,64506620,3840000,99,410,1868
2098,December,December,876,Legacy Fighting Alliance,142,144,168,51394963,3456000,99,410,1868
2098,December,December,876,ONE Championship,191,200,224,82940337,4800000,99,410,1868
2098,December,December,876,Oktagon MMA,160,160,184,92340151,3840000,99,410,1868
2098,December,December,876,Professional Fighters League,192,200,224,90850694,4800000,99,410,1868
2098,December,December,876,RIZIN Fighting Federation,176,176,200,93777643,4224000,99,410,1868
2098,December,December,876,Ultimate Fighting Championship,261,280,304,101006988,6720000,99,410,1868
2099,July,July,883,Absolute Championship Akhmat,140,144,168,69087405,3456000,99,410,1862
2099,July,July,883,BAMMA,142,144,168,45396216,3456000,100,410,1862
2099,July,July,883,BRAVE Combat Federation,140,144,168,49577742,3456000,100,410,1862
2099,July,July,883,Cage Warriors,160,160,184,60812279,3840000,100,410,1862
2099,July,July,883,KSW,156,160,184,59950023,3840000,98,410,1862
2099,July,July,883,Legacy Fighting Alliance,144,144,168,46969525,3456000,98,410,1862
2099,July,July,883,ONE Championship,194,200,224,90416241,4800000,100,410,1862
2099,July,July,883,Oktagon MMA,160,160,184,88177312,3840000,100,410,1862
2099,July,July,883,Professional Fighters League,191,200,224,91435068,4800000,99,410,1862
2099,July,July,883,RIZIN Fighting Federation,175,176,200,88111854,4224000,99,410,1862
2099,July,July,883,Ultimate Fighting Championship,260,280,304,103938515,6720000,100,410,1862
2099,December,December,888,Absolute Championship Akhmat,138,144,168,65810878,3456000,99,409,1860
2099,December,December,888,BAMMA,143,144,168,45393087,3456000,99,409,1860
2099,December,December,888,BRAVE Combat Federation,143,144,168,50824302,3456000,99,409,1860
2099,December,December,888,Cage Warriors,158,160,184,58160401,3840000,99,409,1860
2099,December,December,888,KSW,160,160,184,60937381,3840000,99,409,1860
2099,December,December,888,Legacy Fighting Alliance,144,144,168,47431071,3456000,99,409,1860
2099,December,December,888,ONE Championship,192,200,224,93175080,4800000,99,409,1860
2099,December,December,888,Oktagon MMA,160,160,184,90975826,3840000,99,409,1860
2099,December,December,888,Professional Fighters League,187,200,224,87433960,4800000,99,409,1860
2099,December,December,888,RIZIN Fighting Federation,176,176,200,82138303,4224000,98,409,1860
2099,December,December,888,Ultimate Fighting Championship,259,280,304,110339316,6720000,99,409,1860
2100,July,July,895,Absolute Championship Akhmat,143,144,168,72061843,3456000,100,409,1855
2100,July,July,895,BAMMA,144,144,168,42409004,3456000,99,409,1855
2100,July,July,895,BRAVE Combat Federation,144,144,168,55522047,3456000,99,409,1855
2100,July,July,895,Cage Warriors,154,160,184,59096530,3840000,100,409,1855
2100,July,July,895,KSW,160,160,184,67855362,3840000,99,409,1855
2100,July,July,895,Legacy Fighting Alliance,144,144,168,50297019,3456000,99,409,1855
2100,July,July,895,ONE Championship,191,200,224,98603935,4800000,99,409,1855
2100,July,July,895,Oktagon MMA,159,160,184,94984505,3840000,100,409,1855
2100,July,July,895,Professional Fighters League,189,200,224,85356565,4800000,99,409,1855
2100,July,July,895,RIZIN Fighting Federation,169,176,200,75011034,4224000,97,409,1855
2100,July,July,895,Ultimate Fighting Championship,258,280,304,118215591,6720000,99,409,1855
2100,December,December,900,Absolute Championship Akhmat,142,144,168,74075790,3456000,99,408,1851
2100,December,December,900,BAMMA,143,144,168,43938841,3456000,99,408,1851
2100,December,December,900,BRAVE Combat Federation,143,144,168,52117110,3456000,98,408,1851
2100,December,December,900,Cage Warriors,153,160,184,57798207,3840000,99,408,1851
2100,December,December,900,KSW,157,160,184,66659515,3840000,99,408,1851
2100,December,December,900,Legacy Fighting Alliance,144,144,168,47616859,3456000,99,408,1851
2100,December,December,900,ONE Championship,193,200,224,92893160,4800000,99,408,1851
2100,December,December,900,Oktagon MMA,158,160,184,89082923,3840000,99,408,1851
2100,December,December,900,Professional Fighters League,191,200,224,81197356,4800000,99,408,1851
2100,December,December,900,RIZIN Fighting Federation,170,176,200,70488463,4224000,97,408,1851
2100,December,December,900,Ultimate Fighting Championship,257,280,304,103345142,6720000,97,408,1851
2101,July,July,907,Absolute Championship Akhmat,144,144,168,76883917,3456000,99,411,1856
2101,July,July,907,BAMMA,144,144,168,43108552,3456000,99,411,1856
2101,July,July,907,BRAVE Combat Federation,144,144,168,54016505,3456000,100,411,1856
2101,July,July,907,Cage Warriors,152,160,184,51898438,3840000,98,411,1856
2101,July,July,907,KSW,160,160,184,61966241,3840000,98,411,1856
2101,July,July,907,Legacy Fighting Alliance,144,144,168,49429757,3456000,100,411,1856
2101,July,July,907,ONE Championship,198,200,224,84364826,4800000,98,411,1856
2101,July,July,907,Oktagon MMA,158,160,184,90012753,3840000,99,411,1856
2101,July,July,907,Professional Fighters League,189,200,224,80255651,4800000,99,411,1856
2101,July,July,907,RIZIN Fighting Federation,167,176,200,70473242,4224000,98,411,1856
2101,July,July,907,Ultimate Fighting Championship,256,280,304,104406652,6720000,98,411,1856
2101,December,December,912,Absolute Championship Akhmat,144,144,168,76166812,3456000,99,409,1859
2101,December,December,912,BAMMA,144,144,168,43423751,3456000,99,409,1859
2101,December,December,912,BRAVE Combat Federation,144,144,168,54235761,3456000,99,409,1859
2101,December,December,912,Cage Warriors,156,160,184,54308440,3840000,99,409,1859
2101,December,December,912,KSW,159,160,184,65615043,3840000,99,409,1859
2101,December,December,912,Legacy Fighting Alliance,144,144,168,44181599,3456000,98,409,1859
2101,December,December,912,ONE Championship,195,200,224,87150681,4800000,99,409,1859
2101,December,December,912,Oktagon MMA,156,160,184,92310321,3840000,99,409,1859
2101,December,December,912,Professional Fighters League,188,200,224,79814411,4800000,99,409,1859
2101,December,December,912,RIZIN Fighting Federation,169,176,200,71791615,4224000,99,409,1859
2101,December,December,912,Ultimate Fighting Championship,260,280,304,98188151,6720000,98,409,1859
2102,July,July,919,Absolute Championship Akhmat,144,144,168,73387296,3456000,100,411,1861
2102,July,July,919,BAMMA,143,144,168,43196671,3456000,99,411,1861
2102,July,July,919,BRAVE Combat Federation,144,144,168,57567885,3456000,100,411,1861
2102,July,July,919,Cage Warriors,159,160,184,51268095,3840000,99,411,1861
2102,July,July,919,KSW,156,160,184,65917176,3840000,100,411,1861
2102,July,July,919,Legacy Fighting Alliance,144,144,168,40325783,3456000,98,411,1861
2102,July,July,919,ONE Championship,194,200,224,88666313,4800000,100,411,1861
2102,July,July,919,Oktagon MMA,159,160,184,93187063,3840000,99,411,1861
2102,July,July,919,Professional Fighters League,186,200,224,94561781,4800000,100,411,1861
2102,July,July,919,RIZIN Fighting Federation,167,176,200,70358533,4224000,100,411,1861
2102,July,July,919,Ultimate Fighting Championship,265,280,304,107091280,6720000,100,411,1861
2102,December,December,924,Absolute Championship Akhmat,144,144,168,75581222,3456000,99,410,1865
2102,December,December,924,BAMMA,143,144,168,41605325,3456000,99,410,1865
2102,December,December,924,BRAVE Combat Federation,144,144,168,54923570,3456000,99,410,1865
2102,December,December,924,Cage Warriors,160,160,184,50908702,3840000,99,410,1865
2102,December,December,924,KSW,157,160,184,62191707,3840000,99,410,1865
2102,December,December,924,Legacy Fighting Alliance,144,144,168,39149770,3456000,98,410,1865
2102,December,December,924,ONE Championship,195,200,224,84521991,4800000,99,410,1865
2102,December,December,924,Oktagon MMA,156,160,184,93507880,3840000,99,410,1865
2102,December,December,924,Professional Fighters League,186,200,224,94601280,4800000,99,410,1865
2102,December,December,924,RIZIN Fighting Federation,169,176,200,69322664,4224000,99,410,1865
2102,December,December,924,Ultimate Fighting Championship,267,280,304,103546644,6720000,99,410,1865
2103,July,July,931,Absolute Championship Akhmat,140,144,168,74858949,3456000,99,411,1860
2103,July,July,931,BAMMA,144,144,168,43326075,3456000,100,411,1860
2103,July,July,931,BRAVE Combat Federation,144,144,168,56494006,3456000,100,411,1860
2103,July,July,931,Cage Warriors,158,160,184,51992842,3840000,100,411,1860
2103,July,July,931,KSW,159,160,184,64841574,3840000,100,411,1860
2103,July,July,931,Legacy Fighting Alliance,144,144,168,41208338,3456000,99,411,1860
2103,July,July,931,ONE Championship,191,200,224,90339985,4800000,99,411,1860
2103,July,July,931,Oktagon MMA,159,160,184,93958093,3840000,100,411,1860
2103,July,July,931,Professional Fighters League,188,200,224,92068055,4800000,99,411,1860
2103,July,July,931,RIZIN Fighting Federation,172,176,200,71058901,4224000,99,411,1860
2103,July,July,931,Ultimate Fighting Championship,261,280,304,116830492,6720000,99,411,1860
2103,December,December,936,Absolute Championship Akhmat,143,144,168,73261813,3456000,99,409,1861
2103,December,December,936,BAMMA,143,144,168,44751697,3456000,99,409,1861
2103,December,December,936,BRAVE Combat Federation,144,144,168,54443873,3456000,99,409,1861
2103,December,December,936,Cage Warriors,160,160,184,50708261,3840000,99,409,1861
2103,December,December,936,KSW,158,160,184,58059493,3840000,98,409,1861
2103,December,December,936,Legacy Fighting Alliance,143,144,168,42278005,3456000,99,409,1861
2103,December,December,936,ONE Championship,194,200,224,85713150,4800000,99,409,1861
2103,December,December,936,Oktagon MMA,158,160,184,87236676,3840000,99,409,1861
2103,December,December,936,Professional Fighters League,187,200,224,92344706,4800000,99,409,1861
2103,December,December,936,RIZIN Fighting Federation,173,176,200,78441603,4224000,99,409,1861
2103,December,December,936,Ultimate Fighting Championship,258,280,304,117773175,6720000,99,409,1861
2104,July,July,943,Absolute Championship Akhmat,140,144,168,71838611,3456000,99,409,1848
2104,July,July,943,BAMMA,144,144,168,42918995,3456000,100,409,1848
2104,July,July,943,BRAVE Combat Federation,144,144,168,57203410,3456000,100,409,1848
2104,July,July,943,Cage Warriors,158,160,184,51311727,3840000,99,409,1848
2104,July,July,943,KSW,157,160,184,57771412,3840000,99,409,1848
2104,July,July,943,Legacy Fighting Alliance,140,144,168,41450134,3456000,99,409,1848
2104,July,July,943,ONE Championship,191,200,224,82943122,4800000,100,409,1848
2104,July,July,943,Oktagon MMA,157,160,184,80961463,3840000,99,409,1848
2104,July,July,943,Professional Fighters League,189,200,224,93815674,4800000,99,409,1848
2104,July,July,943,RIZIN Fighting Federation,170,176,200,80131132,4224000,99,409,1848
2104,July,July,943,Ultimate Fighting Championship,258,280,304,127146235,6720000,99,409,1848
2104,December,December,948,Absolute Championship Akhmat,142,144,168,72892109,3456000,99,410,1858
2104,December,December,948,BAMMA,144,144,168,43341731,3456000,99,410,1858
2104,December,December,948,BRAVE Combat Federation,144,144,168,60681390,3456000,99,410,1858
2104,December,December,948,Cage Warriors,160,160,184,52376902,3840000,99,410,1858
2104,December,December,948,KSW,157,160,184,60220670,3840000,99,410,1858
2104,December,December,948,Legacy Fighting Alliance,140,144,168,41044733,3456000,98,410,1858
2104,December,December,948,ONE Championship,192,200,224,78861267,4800000,99,410,1858
2104,December,December,948,Oktagon MMA,160,160,184,82776176,3840000,99,410,1858
2104,December,December,948,Professional Fighters League,188,200,224,96029830,4800000,99,410,1858
2104,December,December,948,RIZIN Fighting Federation,173,176,200,77816235,4224000,99,410,1858
2104,December,December,948,Ultimate Fighting Championship,258,280,304,126140905,6720000,99,410,1858
2105,July,July,955,Absolute Championship Akhmat,143,144,168,68514133,3456000,99,410,1850
2105,July,July,955,BAMMA,144,144,168,43045061,3456000,99,410,1850
2105,July,July,955,BRAVE Combat Federation,140,144,168,64333064,3456000,100,410,1850
2105,July,July,955,Cage Warriors,159,160,184,50116781,3840000,99,410,1850
2105,July,July,955,KSW,159,160,184,65714230,3840000,99,410,1850
2105,July,July,955,Legacy Fighting Alliance,137,144,168,44211327,3456000,100,410,1850
2105,July,July,955,ONE Championship,192,200,224,84475772,4800000,100,410,1850
2105,July,July,955,Oktagon MMA,157,160,184,88009845,3840000,99,410,1850
2105,July,July,955,Professional Fighters League,187,200,224,97731217,4800000,100,410,1850
2105,July,July,955,RIZIN Fighting Federation,173,176,200,71220041,4224000,99,410,1850
2105,July,July,955,Ultimate Fighting Championship,259,280,304,126648121,6720000,100,410,1850
2105,December,December,960,Absolute Championship Akhmat,144,144,168,60414378,3456000,98,411,1856
2105,December,December,960,BAMMA,144,144,168,41850200,3456000,99,411,1856
2105,December,December,960,BRAVE Combat Federation,142,144,168,59266050,3456000,99,411,1856
2105,December,December,960,Cage Warriors,159,160,184,55369288,3840000,99,411,1856
2105,December,December,960,KSW,160,160,184,65767492,3840000,99,411,1856
2105,December,December,960,Legacy Fighting Alliance,138,144,168,42843480,3456000,99,411,1856
2105,December,December,960,ONE Championship,190,200,224,84861830,4800000,99,411,1856
2105,December,December,960,Oktagon MMA,160,160,184,83597979,3840000,99,411,1856
2105,December,December,960,Professional Fighters League,187,200,224,96675298,4800000,99,411,1856
2105,December,December,960,RIZIN Fighting Federation,174,176,200,69764680,4224000,99,411,1856
2105,December,December,960,Ultimate Fighting Championship,258,280,304,120062133,6720000,99,411,1856
2106,July,July,967,Absolute Championship Akhmat,143,144,168,62599364,3456000,99,410,1852
2106,July,July,967,BAMMA,144,144,168,45327573,3456000,99,410,1852
2106,July,July,967,BRAVE Combat Federation,139,144,168,61195983,3456000,99,410,1852
2106,July,July,967,Cage Warriors,160,160,184,56720694,3840000,100,410,1852
2106,July,July,967,KSW,160,160,184,62705994,3840000,99,410,1852
2106,July,July,967,Legacy Fighting Alliance,137,144,168,38778025,3456000,98,410,1852
2106,July,July,967,ONE Championship,190,200,224,93818417,4800000,100,410,1852
2106,July,July,967,Oktagon MMA,160,160,184,94495441,3840000,99,410,1852
2106,July,July,967,Professional Fighters League,185,200,224,87222472,4800000,98,410,1852
2106,July,July,967,RIZIN Fighting Federation,174,176,200,85591987,4224000,99,410,1852
2106,July,July,967,Ultimate Fighting Championship,260,280,304,114173183,6720000,99,410,1852
2106,December,December,972,Absolute Championship Akhmat,144,144,168,64423824,3456000,99,411,1853
2106,December,December,972,BAMMA,144,144,168,43962085,3456000,99,411,1853
2106,December,December,972,BRAVE Combat Federation,142,144,168,61457638,3456000,99,411,1853
2106,December,December,972,Cage Warriors,160,160,184,59878530,3840000,99,411,1853
2106,December,December,972,KSW,159,160,184,63247565,3840000,99,411,1853
2106,December,December,972,Legacy Fighting Alliance,140,144,168,38012255,3456000,98,411,1853
2106,December,December,972,ONE Championship,190,200,224,100289596,4800000,99,411,1853
2106,December,December,972,Oktagon MMA,157,160,184,86932162,3840000,99,411,1853
2106,December,December,972,Professional Fighters League,184,200,224,89620618,4800000,99,411,1853
2106,December,December,972,RIZIN Fighting Federation,174,176,200,83901666,4224000,99,411,1853
2106,December,December,972,Ultimate Fighting Championship,259,280,304,108277493,6720000,99,411,1853
2107,July,July,979,Absolute Championship Akhmat,144,144,168,75237826,3456000,100,409,1857
2107,July,July,979,BAMMA,144,144,168,39534290,3456000,98,409,1857
2107,July,July,979,BRAVE Combat Federation,144,144,168,63174036,3456000,100,409,1857
2107,July,July,979,Cage Warriors,158,160,184,59820116,3840000,100,409,1857
2107,July,July,979,KSW,158,160,184,62370813,3840000,99,409,1857
2107,July,July,979,Legacy Fighting Alliance,142,144,168,37399914,3456000,99,409,1857
2107,July,July,979,ONE Championship,194,200,224,97243845,4800000,99,409,1857
2107,July,July,979,Oktagon MMA,157,160,184,83263850,3840000,100,409,1857
2107,July,July,979,Professional Fighters League,185,200,224,100985839,4800000,100,409,1857
2107,July,July,979,RIZIN Fighting Federation,173,176,200,80171147,4224000,99,409,1857
2107,July,July,979,Ultimate Fighting Championship,258,280,304,102999732,6720000,99,409,1857
2107,December,December,984,Absolute Championship Akhmat,142,144,168,70943020,3456000,99,410,1849
2107,December,December,984,BAMMA,143,144,168,38787956,3456000,99,410,1849
2107,December,December,984,BRAVE Combat Federation,141,144,168,63826058,3456000,99,410,1849
2107,December,December,984,Cage Warriors,158,160,184,56912002,3840000,99,410,1849
2107,December,December,984,KSW,159,160,184,60698758,3840000,99,410,1849
2107,December,December,984,Legacy Fighting Alliance,144,144,168,37706662,3456000,98,410,1849
2107,December,December,984,ONE Championship,191,200,224,93591221,4800000,99,410,1849
2107,December,December,984,Oktagon MMA,157,160,184,78212375,3840000,99,410,1849
2107,December,December,984,Professional Fighters League,183,200,224,99941226,4800000,99,410,1849
2107,December,December,984,RIZIN Fighting Federation,172,176,200,79984995,4224000,99,410,1849
2107,December,December,984,Ultimate Fighting Championship,259,280,304,104794030,6720000,99,410,1849
2108,July,July,991,Absolute Championship Akhmat,144,144,168,74226137,3456000,100,409,1846
2108,July,July,991,BAMMA,143,144,168,40692548,3456000,100,409,1846
2108,July,July,991,BRAVE Combat Federation,138,144,168,62782429,3456000,99,409,1846
2108,July,July,991,Cage Warriors,157,160,184,59798249,3840000,100,409,1846
2108,July,July,991,KSW,160,160,184,63677997,3840000,99,409,1846
2108,July,July,991,Legacy Fighting Alliance,144,144,168,41502979,3456000,100,409,1846
2108,July,July,991,ONE Championship,189,200,224,91715386,4800000,100,409,1846
2108,July,July,991,Oktagon MMA,158,160,184,80405562,3840000,99,409,1846
2108,July,July,991,Professional Fighters League,185,200,224,92978806,4800000,98,409,1846
2108,July,July,991,RIZIN Fighting Federation,171,176,200,80827012,4224000,99,409,1846
2108,July,July,991,Ultimate Fighting Championship,257,280,304,122373853,6720000,100,409,1846
2108,December,December,996,Absolute Championship Akhmat,144,144,168,70474090,3456000,99,409,1854
2108,December,December,996,BAMMA,144,144,168,38447442,3456000,99,409,1854
2108,December,December,996,BRAVE Combat Federation,139,144,168,65552119,3456000,99,409,1854
2108,December,December,996,Cage Warriors,158,160,184,57368117,3840000,99,409,1854
2108,December,December,996,KSW,159,160,184,67815076,3840000,99,409,1854
2108,December,December,996,Legacy Fighting Alliance,144,144,168,41165509,3456000,99,409,1854
2108,December,December,996,ONE Championship,190,200,224,86416237,4800000,99,409,1854
2108,December,December,996,Oktagon MMA,159,160,184,80739908,3840000,99,409,1854
2108,December,December,996,Professional Fighters League,187,200,224,90554549,4800000,99,409,1854
2108,December,December,996,RIZIN Fighting Federation,173,176,200,81761903,4224000,99,409,1854
2108,December,December,996,Ultimate Fighting Championship,257,280,304,118759128,6720000,99,409,1854
2109,July,July,1003,Absolute Championship Akhmat,141,144,168,74318261,3456000,100,410,1858
2109,July,July,1003,BAMMA,142,144,168,38840271,3456000,100,410,1858
2109,July,July,1003,BRAVE Combat Federation,142,144,168,62070950,3456000,99,410,1858
2109,July,July,1003,Cage Warriors,160,160,184,57021006,3840000,100,410,1858
2109,July,July,1003,KSW,160,160,184,66274902,3840000,99,410,1858
2109,July,July,1003,Legacy Fighting Alliance,144,144,168,42034998,3456000,100,410,1858
2109,July,July,1003,ONE Championship,192,200,224,88435826,4800000,99,410,1858
2109,July,July,1003,Oktagon MMA,159,160,184,86828765,3840000,100,410,1858
2109,July,July,1003,Professional Fighters League,187,200,224,99839714,4800000,100,410,1858
2109,July,July,1003,RIZIN Fighting Federation,171,176,200,81412185,4224000,99,410,1858
2109,July,July,1003,Ultimate Fighting Championship,260,280,304,121574064,6720000,100,410,1858
2109,December,December,1008,Absolute Championship Akhmat,143,144,168,70382407,3456000,99,409,1871
2109,December,December,1008,BAMMA,144,144,168,37002483,3456000,99,409,1871
2109,December,December,1008,BRAVE Combat Federation,141,144,168,59644820,3456000,99,409,1871
2109,December,December,1008,Cage Warriors,159,160,184,56409065,3840000,99,409,1871
2109,December,December,1008,KSW,159,160,184,64287249,3840000,99,409,1871
2109,December,December,1008,Legacy Fighting Alliance,144,144,168,43094423,3456000,99,409,1871
2109,December,December,1008,ONE Championship,197,200,224,77094941,4800000,97,409,1871
2109,December,December,1008,Oktagon MMA,160,160,184,89088867,3840000,99,409,1871
2109,December,December,1008,Professional Fighters League,191,200,224,86807752,4800000,98,409,1871
2109,December,December,1008,RIZIN Fighting Federation,172,176,200,76694821,4224000,98,409,1871
2109,December,December,1008,Ultimate Fighting Championship,261,280,304,126263288,6720000,99,409,1871
2110,July,July,1015,Absolute Championship Akhmat,144,144,168,74890400,3456000,100,411,1881
2110,July,July,1015,BAMMA,144,144,168,37897014,3456000,99,411,1881
2110,July,July,1015,BRAVE Combat Federation,143,144,168,59971051,3456000,100,411,1881
2110,July,July,1015,Cage Warriors,160,160,184,55102906,3840000,99,411,1881
2110,July,July,1015,KSW,160,160,184,69078190,3840000,100,411,1881
2110,July,July,1015,Legacy Fighting Alliance,144,144,168,43408704,3456000,100,411,1881
2110,July,July,1015,ONE Championship,195,200,224,78077310,4800000,99,411,1881
2110,July,July,1015,Oktagon MMA,160,160,184,102903980,3840000,100,411,1881
2110,July,July,1015,Professional Fighters League,196,200,224,95803015,4800000,100,411,1881
2110,July,July,1015,RIZIN Fighting Federation,172,176,200,73630147,4224000,98,411,1881
2110,July,July,1015,Ultimate Fighting Championship,263,280,304,134822769,6720000,99,411,1881
2110,December,December,1020,Absolute Championship Akhmat,144,144,168,71814388,3456000,99,410,1879
2110,December,December,1020,BAMMA,142,144,168,38344379,3456000,99,410,1879
2110,December,December,1020,BRAVE Combat Federation,144,144,168,60551910,3456000,99,410,1879
2110,December,December,1020,Cage Warriors,160,160,184,51552542,3840000,99,410,1879
2110,December,December,1020,KSW,158,160,184,71335352,3840000,99,410,1879
2110,December,December,1020,Legacy Fighting Alliance,143,144,168,44774641,3456000,99,410,1879
2110,December,December,1020,ONE Championship,194,200,224,74073220,4800000,99,410,1879
2110,December,December,1020,Oktagon MMA,160,160,184,100826057,3840000,99,410,1879
2110,December,December,1020,Professional Fighters League,195,200,224,88079576,4800000,99,410,1879
2110,December,December,1020,RIZIN Fighting Federation,173,176,200,70298453,4224000,98,410,1879
2110,December,December,1020,Ultimate Fighting Championship,266,280,304,126521326,6720000,99,410,1879
2111,July,July,1027,Absolute Championship Akhmat,144,144,168,69609157,3456000,99,412,1871
2111,July,July,1027,BAMMA,142,144,168,40088115,3456000,100,412,1871
2111,July,July,1027,BRAVE Combat Federation,140,144,168,61495329,3456000,100,412,1871
2111,July,July,1027,Cage Warriors,160,160,184,54411085,3840000,100,412,1871
2111,July,July,1027,KSW,158,160,184,72674934,3840000,100,412,1871
2111,July,July,1027,Legacy Fighting Alliance,143,144,168,48401182,3456000,99,412,1871
2111,July,July,1027,ONE Championship,190,200,224,75402534,4800000,100,412,1871
2111,July,July,1027,Oktagon MMA,160,160,184,109733305,3840000,100,412,1871
2111,July,July,1027,Professional Fighters League,195,200,224,87822501,4800000,99,412,1871
2111,July,July,1027,RIZIN Fighting Federation,175,176,200,68500317,4224000,99,412,1871
2111,July,July,1027,Ultimate Fighting Championship,264,280,304,118316992,6720000,98,412,1871
2111,December,December,1032,Absolute Championship Akhmat,144,144,168,64844772,3456000,99,411,1877
2111,December,December,1032,BAMMA,142,144,168,42131851,3456000,99,411,1877
2111,December,December,1032,BRAVE Combat Federation,144,144,168,61263897,3456000,99,411,1877
2111,December,December,1032,Cage Warriors,159,160,184,49636666,3840000,99,411,1877
2111,December,December,1032,KSW,160,160,184,69131907,3840000,99,411,1877
2111,December,December,1032,Legacy Fighting Alliance,144,144,168,47179340,3456000,99,411,1877
2111,December,December,1032,ONE Championship,190,200,224,78850484,4800000,99,411,1877
2111,December,December,1032,Oktagon MMA,160,160,184,104894889,3840000,99,411,1877
2111,December,December,1032,Professional Fighters League,193,200,224,83597965,4800000,99,411,1877
2111,December,December,1032,RIZIN Fighting Federation,176,176,200,63009823,4224000,98,411,1877
2111,December,December,1032,Ultimate Fighting Championship,265,280,304,113002785,6720000,97,411,1877
2112,July,July,1039,Absolute Championship Akhmat,144,144,168,69459461,3456000,100,411,1876
2112,July,July,1039,BAMMA,144,144,168,41494982,3456000,100,411,1876
2112,July,July,1039,BRAVE Combat Federation,144,144,168,66866038,3456000,100,411,1876
2112,July,July,1039,Cage Warriors,159,160,184,51630801,3840000,99,411,1876
2112,July,July,1039,KSW,160,160,184,69289673,3840000,99,411,1876
2112,July,July,1039,Legacy Fighting Alliance,144,144,168,48498109,3456000,100,411,1876
2112,July,July,1039,ONE Championship,188,200,224,88376971,4800000,100,411,1876
2112,July,July,1039,Oktagon MMA,158,160,184,100751980,3840000,100,411,1876
2112,July,July,1039,Professional Fighters League,193,200,224,87420672,4800000,99,411,1876
2112,July,July,1039,RIZIN Fighting Federation,174,176,200,63870170,4224000,98,411,1876
2112,July,July,1039,Ultimate Fighting Championship,268,280,304,115121547,6720000,98,411,1876
2112,December,December,1044,Absolute Championship Akhmat,143,144,168,70212604,3456000,99,411,1874
2112,December,December,1044,BAMMA,143,144,168,40286480,3456000,99,411,1874
2112,December,December,1044,BRAVE Combat Federation,144,144,168,65410825,3456000,99,411,1874
2112,December,December,1044,Cage Warriors,160,160,184,53426766,3840000,99,411,1874
2112,December,December,1044,KSW,160,160,184,69835939,3840000,99,411,1874
2112,December,December,1044,Legacy Fighting Alliance,144,144,168,47890471,3456000,99,411,1874
2112,December,December,1044,ONE Championship,186,200,224,93115823,4800000,99,411,1874
2112,December,December,1044,Oktagon MMA,160,160,184,97180135,3840000,99,411,1874
2112,December,December,1044,Professional Fighters League,193,200,224,87189811,4800000,99,411,1874
2112,December,December,1044,RIZIN Fighting Federation,176,176,200,62731012,4224000,99,411,1874
2112,December,December,1044,Ultimate Fighting Championship,265,280,304,112088944,6720000,98,411,1874
2113,July,July,1051,Absolute Championship Akhmat,144,144,168,64804575,3456000,98,410,1864
2113,July,July,1051,BAMMA,144,144,168,39061153,3456000,99,410,1864
2113,July,July,1051,BRAVE Combat Federation,144,144,168,66103157,3456000,99,410,1864
2113,July,July,1051,Cage Warriors,159,160,184,52527025,3840000,99,410,1864
2113,July,July,1051,KSW,159,160,184,76441335,3840000,100,410,1864
2113,July,July,1051,Legacy Fighting Alliance,143,144,168,51074478,3456000,100,410,1864
2113,July,July,1051,ONE Championship,183,200,224,91440034,4800000,99,410,1864
2113,July,July,1051,Oktagon MMA,160,160,184,96097371,3840000,100,410,1864
2113,July,July,1051,Professional Fighters League,190,200,224,92812629,4800000,100,410,1864
2113,July,July,1051,RIZIN Fighting Federation,175,176,200,60377505,4224000,98,410,1864
2113,July,July,1051,Ultimate Fighting Championship,263,280,304,121081412,6720000,99,410,1864
2113,December,December,1056,Absolute Championship Akhmat,144,144,168,66981333,3456000,99,411,1867
2113,December,December,1056,BAMMA,144,144,168,38887640,3456000,99,411,1867
2113,December,December,1056,BRAVE Combat Federation,144,144,168,67928008,3456000,99,411,1867
2113,December,December,1056,Cage Warriors,160,160,184,52685572,3840000,99,411,1867
2113,December,December,1056,KSW,160,160,184,74040428,3840000,99,411,1867
2113,December,December,1056,Legacy Fighting Alliance,144,144,168,48895556,3456000,99,411,1867
2113,December,December,1056,ONE Championship,184,200,224,87108419,4800000,99,411,1867
2113,December,December,1056,Oktagon MMA,159,160,184,97968338,3840000,99,411,1867
2113,December,December,1056,Professional Fighters League,193,200,224,96373915,4800000,99,411,1867
2113,December,December,1056,RIZIN Fighting Federation,175,176,200,54782238,4224000,97,411,1867
2113,December,December,1056,Ultimate Fighting Championship,260,280,304,117402816,6720000,99,411,1867
2114,July,July,1063,Absolute Championship Akhmat,136,144,168,73950655,3456000,100,412,1854
2114,July,July,1063,BAMMA,143,144,168,36408506,3456000,99,412,1854
2114,July,July,1063,BRAVE Combat Federation,144,144,168,66721810,3456000,99,412,1854
2114,July,July,1063,Cage Warriors,160,160,184,53552937,3840000,100,412,1854
2114,July,July,1063,KSW,160,160,184,69822062,3840000,99,412,1854
2114,July,July,1063,Legacy Fighting Alliance,144,144,168,46077187,3456000,99,412,1854
2114,July,July,1063,ONE Championship,183,200,224,86273453,4800000,99,412,1854
2114,July,July,1063,Oktagon MMA,160,160,184,95854067,3840000,100,412,1854
2114,July,July,1063,Professional Fighters League,191,200,224,89341000,4800000,98,412,1854
2114,July,July,1063,RIZIN Fighting Federation,175,176,200,61880840,4224000,100,412,1854
2114,July,July,1063,Ultimate Fighting Championship,258,280,304,114049337,6720000,99,412,1854
2114,December,December,1068,Absolute Championship Akhmat,139,144,168,71782916,3456000,99,411,1853
2114,December,December,1068,BAMMA,142,144,168,37566533,3456000,99,411,1853
2114,December,December,1068,BRAVE Combat Federation,141,144,168,60717317,3456000,99,411,1853
2114,December,December,1068,Cage Warriors,160,160,184,50037024,3840000,99,411,1853
2114,December,December,1068,KSW,160,160,184,67685439,3840000,99,411,1853
2114,December,December,1068,Legacy Fighting Alliance,142,144,168,48526951,3456000,99,411,1853
2114,December,December,1068,ONE Championship,182,200,224,88457211,4800000,99,411,1853
2114,December,December,1068,Oktagon MMA,159,160,184,89622441,3840000,99,411,1853
2114,December,December,1068,Professional Fighters League,192,200,224,104254730,4800000,99,411,1853
2114,December,December,1068,RIZIN Fighting Federation,176,176,200,60915690,4224000,99,411,1853
2114,December,December,1068,Ultimate Fighting Championship,260,280,304,110185061,6720000,99,411,1853
2115,July,July,1075,Absolute Championship Akhmat,142,144,168,70763244,3456000,100,411,1856
2115,July,July,1075,BAMMA,144,144,168,39090467,3456000,99,411,1856
2115,July,July,1075,BRAVE Combat Federation,142,144,168,63008214,3456000,100,411,1856
2115,July,July,1075,Cage Warriors,160,160,184,49117672,3840000,100,411,1856
2115,July,July,1075,KSW,159,160,184,73867093,3840000,99,411,1856
2115,July,July,1075,Legacy Fighting Alliance,144,144,168,50538976,3456000,100,411,1856
2115,July,July,1075,ONE Championship,182,200,224,96078411,4800000,100,411,1856
2115,July,July,1075,Oktagon MMA,157,160,184,89688447,3840000,100,411,1856
2115,July,July,1075,Professional Fighters League,193,200,224,112320049,4800000,100,411,1856
2115,July,July,1075,RIZIN Fighting Federation,174,176,200,57068259,4224000,98,411,1856
2115,July,July,1075,Ultimate Fighting Championship,259,280,304,113661247,6720000,99,411,1856
2115,December,December,1080,Absolute Championship Akhmat,143,144,168,71347304,3456000,99,409,1851
2115,December,December,1080,BAMMA,144,144,168,39078035,3456000,99,409,1851
2115,December,December,1080,BRAVE Combat Federation,142,144,168,58273473,3456000,99,409,1851
2115,December,December,1080,Cage Warriors,159,160,184,47056889,3840000,99,409,1851
2115,December,December,1080,KSW,159,160,184,77476576,3840000,99,409,1851
2115,December,December,1080,Legacy Fighting Alliance,143,144,168,46868024,3456000,99,409,1851
2115,December,December,1080,ONE Championship,184,200,224,92171373,4800000,99,409,1851
2115,December,December,1080,Oktagon MMA,158,160,184,86635553,3840000,99,409,1851
2115,December,December,1080,Professional Fighters League,192,200,224,126472782,4800000,99,409,1851
2115,December,December,1080,RIZIN Fighting Federation,169,176,200,68889657,4224000,99,409,1851
2115,December,December,1080,Ultimate Fighting Championship,258,280,304,99500872,6720000,97,409,1851
2116,July,July,1087,Absolute Championship Akhmat,144,144,168,66876367,3456000,99,411,1853
2116,July,July,1087,BAMMA,139,144,168,36751302,3456000,98,411,1853
2116,July,July,1087,BRAVE Combat Federation,144,144,168,58051674,3456000,99,411,1853
2116,July,July,1087,Cage Warriors,160,160,184,44002663,3840000,99,411,1853
2116,July,July,1087,KSW,156,160,184,82628781,3840000,99,411,1853
2116,July,July,1087,Legacy Fighting Alliance,142,144,168,49615389,3456000,100,411,1853
2116,July,July,1087,ONE Championship,186,200,224,85478970,4800000,99,411,1853
2116,July,July,1087,Oktagon MMA,160,160,184,87376758,3840000,100,411,1853
2116,July,July,1087,Professional Fighters League,192,200,224,131201482,4800000,99,411,1853
2116,July,July,1087,RIZIN Fighting Federation,172,176,200,64773647,4224000,98,411,1853
2116,July,July,1087,Ultimate Fighting Championship,258,280,304,102002669,6720000,98,411,1853
2116,December,December,1092,Absolute Championship Akhmat,144,144,168,68584575,3456000,99,411,1851
2116,December,December,1092,BAMMA,139,144,168,38102397,3456000,99,411,1851
2116,December,December,1092,BRAVE Combat Federation,144,144,168,57631876,3456000,99,411,1851
2116,December,December,1092,Cage Warriors,159,160,184,43691672,3840000,99,411,1851
2116,December,December,1092,KSW,159,160,184,77765856,3840000,99,411,1851
2116,December,December,1092,Legacy Fighting Alliance,142,144,168,46657789,3456000,99,411,1851
2116,December,December,1092,ONE Championship,184,200,224,93370508,4800000,99,411,1851
2116,December,December,1092,Oktagon MMA,158,160,184,78438567,3840000,99,411,1851
2116,December,December,1092,Professional Fighters League,189,200,224,122949646,4800000,99,411,1851
2116,December,December,1092,RIZIN Fighting Federation,176,176,200,67202735,4224000,99,411,1851
2116,December,December,1092,Ultimate Fighting Championship,257,280,304,103901779,6720000,99,411,1851
2117,July,July,1099,Absolute Championship Akhmat,144,144,168,67109819,3456000,99,412,1853
2117,July,July,1099,BAMMA,141,144,168,40481641,3456000,100,412,1853
2117,July,July,1099,BRAVE Combat Federation,143,144,168,58278856,3456000,100,412,1853
2117,July,July,1099,Cage Warriors,157,160,184,45756223,3840000,100,412,1853
2117,July,July,1099,KSW,160,160,184,75461719,3840000,100,412,1853
2117,July,July,1099,Legacy Fighting Alliance,141,144,168,42576402,3456000,98,412,1853
2117,July,July,1099,ONE Championship,184,200,224,102408326,4800000,100,412,1853
2117,July,July,1099,Oktagon MMA,160,160,184,80818879,3840000,99,412,1853
2117,July,July,1099,Professional Fighters League,193,200,224,125079620,4800000,99,412,1853
2117,July,July,1099,RIZIN Fighting Federation,172,176,200,61771965,4224000,98,412,1853
2117,July,July,1099,Ultimate Fighting Championship,258,280,304,110261166,6720000,99,412,1853
2117,December,December,1104,Absolute Championship Akhmat,144,144,168,66438517,3456000,99,409,1860
2117,December,December,1104,BAMMA,143,144,168,40263111,3456000,99,409,1860
2117,December,December,1104,BRAVE Combat Federation,142,144,168,58377555,3456000,99,409,1860
2117,December,December,1104,Cage Warriors,160,160,184,47223821,3840000,99,409,1860
2117,December,December,1104,KSW,159,160,184,77700314,3840000,99,409,1860
2117,December,December,1104,Legacy Fighting Alliance,141,144,168,42151333,3456000,99,409,1860
2117,December,December,1104,ONE Championship,185,200,224,92671062,4800000,99,409,1860
2117,December,December,1104,Oktagon MMA,159,160,184,82518640,3840000,99,409,1860
2117,December,December,1104,Professional Fighters League,194,200,224,112699679,4800000,98,409,1860
2117,December,December,1104,RIZIN Fighting Federation,175,176,200,67430394,4224000,99,409,1860
2117,December,December,1104,Ultimate Fighting Championship,258,280,304,114789487,6720000,99,409,1860
2118,July,July,1111,Absolute Championship Akhmat,142,144,168,65387805,3456000,100,410,1859
2118,July,July,1111,BAMMA,144,144,168,37550187,3456000,99,410,1859
2118,July,July,1111,BRAVE Combat Federation,142,144,168,59246451,3456000,100,410,1859
2118,July,July,1111,Cage Warriors,156,160,184,44993027,3840000,99,410,1859
2118,July,July,1111,KSW,160,160,184,80181427,3840000,99,410,1859
2118,July,July,1111,Legacy Fighting Alliance,144,144,168,47105115,3456000,100,410,1859
2118,July,July,1111,ONE Championship,186,200,224,97170217,4800000,100,410,1859
2118,July,July,1111,Oktagon MMA,157,160,184,84763713,3840000,99,410,1859
2118,July,July,1111,Professional Fighters League,194,200,224,114989397,4800000,100,410,1859
2118,July,July,1111,RIZIN Fighting Federation,176,176,200,80031438,4224000,100,410,1859
2118,July,July,1111,Ultimate Fighting Championship,258,280,304,129581517,6720000,99,410,1859
2118,December,December,1116,Absolute Championship Akhmat,140,144,168,62812752,3456000,99,409,1868
2118,December,December,1116,BAMMA,143,144,168,38681821,3456000,99,409,1868
2118,December,December,1116,BRAVE Combat Federation,142,144,168,57571976,3456000,99,409,1868
2118,December,December,1116,Cage Warriors,159,160,184,45235174,3840000,99,409,1868
2118,December,December,1116,KSW,160,160,184,73271745,3840000,99,409,1868
2118,December,December,1116,Legacy Fighting Alliance,144,144,168,44594820,3456000,99,409,1868
2118,December,December,1116,ONE Championship,190,200,224,92866719,4800000,99,409,1868
2118,December,December,1116,Oktagon MMA,158,160,184,82633126,3840000,99,409,1868
2118,December,December,1116,Professional Fighters League,195,200,224,108992596,4800000,99,409,1868
2118,December,December,1116,RIZIN Fighting Federation,176,176,200,80842635,4224000,99,409,1868
2118,December,December,1116,Ultimate Fighting Championship,261,280,304,123210748,6720000,99,409,1868
2119,July,July,1123,Absolute Championship Akhmat,137,144,168,66297438,3456000,100,411,1858
2119,July,July,1123,BAMMA,144,144,168,41110468,3456000,100,411,1858
2119,July,July,1123,BRAVE Combat Federation,144,144,168,63275951,3456000,100,411,1858
2119,July,July,1123,Cage Warriors,156,160,184,49046264,3840000,100,411,1858
2119,July,July,1123,KSW,157,160,184,72866352,3840000,100,411,1858
2119,July,July,1123,Legacy Fighting Alliance,144,144,168,43731327,3456000,99,411,1858
2119,July,July,1123,ONE Championship,190,200,224,92039445,4800000,99,411,1858
2119,July,July,1123,Oktagon MMA,155,160,184,83479617,3840000,99,411,1858
2119,July,July,1123,Professional Fighters League,199,200,224,108465343,4800000,100,411,1858
2119,July,July,1123,RIZIN Fighting Federation,174,176,200,77238814,4224000,99,411,1858
2119,July,July,1123,Ultimate Fighting Championship,258,280,304,123558031,6720000,99,411,1858
2119,December,December,1128,Absolute Championship Akhmat,139,144,168,66239591,3456000,99,409,1864
2119,December,December,1128,BAMMA,144,144,168,38353322,3456000,99,409,1864
2119,December,December,1128,BRAVE Combat Federation,143,144,168,60522471,3456000,99,409,1864
2119,December,December,1128,Cage Warriors,155,160,184,50183862,3840000,99,409,1864
2119,December,December,1128,KSW,158,160,184,72699929,3840000,99,409,1864
2119,December,December,1128,Legacy Fighting Alliance,144,144,168,45148732,3456000,99,409,1864
2119,December,December,1128,ONE Championship,193,200,224,90384565,4800000,99,409,1864
2119,December,December,1128,Oktagon MMA,155,160,184,79219010,3840000,99,409,1864
2119,December,December,1128,Professional Fighters League,200,200,224,101016637,4800000,99,409,1864
2119,December,December,1128,RIZIN Fighting Federation,174,176,200,70643933,4224000,98,409,1864
2119,December,December,1128,Ultimate Fighting Championship,259,280,304,126433667,6720000,99,409,1864
2120,July,July,1135,Absolute Championship Akhmat,143,144,168,64198319,3456000,98,408,1860
2120,July,July,1135,BAMMA,144,144,168,39280004,3456000,99,408,1860
2120,July,July,1135,BRAVE Combat Federation,144,144,168,58133611,3456000,99,408,1860
2120,July,July,1135,Cage Warriors,155,160,184,47266857,3840000,99,408,1860
2120,July,July,1135,KSW,156,160,184,75849674,3840000,100,408,1860
2120,July,July,1135,Legacy Fighting Alliance,144,144,168,40834788,3456000,98,408,1860
2120,July,July,1135,ONE Championship,193,200,224,98853805,4800000,100,408,1860
2120,July,July,1135,Oktagon MMA,153,160,184,81644940,3840000,100,408,1860
2120,July,July,1135,Professional Fighters League,196,200,224,103076410,4800000,99,408,1860
2120,July,July,1135,RIZIN Fighting Federation,174,176,200,75711757,4224000,99,408,1860
2120,July,July,1135,Ultimate Fighting Championship,258,280,304,138873080,6720000,100,408,1860
2120,December,December,1140,Absolute Championship Akhmat,143,144,168,66111327,3456000,99,411,1867
2120,December,December,1140,BAMMA,144,144,168,39329505,3456000,99,411,1867
2120,December,December,1140,BRAVE Combat Federation,144,144,168,56045567,3456000,99,411,1867
2120,December,December,1140,Cage Warriors,159,160,184,48701010,3840000,99,411,1867
2120,December,December,1140,KSW,156,160,184,77111333,3840000,99,411,1867
2120,December,December,1140,Legacy Fighting Alliance,143,144,168,43231279,3456000,99,411,1867
2120,December,December,1140,ONE Championship,194,200,224,98946236,4800000,99,411,1867
2120,December,December,1140,Oktagon MMA,153,160,184,79080517,3840000,99,411,1867
2120,December,December,1140,Professional Fighters League,198,200,224,95745005,4800000,99,411,1867
2120,December,December,1140,RIZIN Fighting Federation,174,176,200,68957852,4224000,98,411,1867
2120,December,December,1140,Ultimate Fighting Championship,259,280,304,131004110,6720000,99,411,1867
2121,July,July,1147,Absolute Championship Akhmat,143,144,168,65553637,3456000,99,412,1872
2121,July,July,1147,BAMMA,144,144,168,39910156,3456000,99,412,1872
2121,July,July,1147,BRAVE Combat Federation,144,144,168,60635265,3456000,99,412,1872
2121,July,July,1147,Cage Warriors,159,160,184,50549970,3840000,100,412,1872
2121,July,July,1147,KSW,156,160,184,73420206,3840000,99,412,1872
2121,July,July,1147,Legacy Fighting Alliance,144,144,168,45918844,3456000,100,412,1872
2121,July,July,1147,ONE Championship,199,200,224,93457175,4800000,99,412,1872
2121,July,July,1147,Oktagon MMA,156,160,184,89942355,3840000,100,412,1872
2121,July,July,1147,Professional Fighters League,193,200,224,96132021,4800000,100,412,1872
2121,July,July,1147,RIZIN Fighting Federation,176,176,200,73204357,4224000,99,412,1872
2121,July,July,1147,Ultimate Fighting Championship,258,280,304,129183030,6720000,100,412,1872
2121,December,December,1152,Absolute Championship Akhmat,144,144,168,65101601,3456000,99,409,1860
2121,December,December,1152,BAMMA,144,144,168,36115661,3456000,98,409,1860
2121,December,December,1152,BRAVE Combat Federation,141,144,168,64530271,3456000,99,409,1860
2121,December,December,1152,Cage Warriors,155,160,184,51662134,3840000,99,409,1860
2121,December,December,1152,KSW,155,160,184,69374731,3840000,99,409,1860
2121,December,December,1152,Legacy Fighting Alliance,139,144,168,44721403,3456000,99,409,1860
2121,December,December,1152,ONE Championship,199,200,224,88769524,4800000,99,409,1860
2121,December,December,1152,Oktagon MMA,158,160,184,82762570,3840000,99,409,1860
2121,December,December,1152,Professional Fighters League,192,200,224,86841196,4800000,99,409,1860
2121,December,December,1152,RIZIN Fighting Federation,175,176,200,76579647,4224000,99,409,1860
2121,December,December,1152,Ultimate Fighting Championship,258,280,304,127449357,6720000,99,409,1860
2122,July,July,1159,Absolute Championship Akhmat,144,144,168,70220061,3456000,100,411,1854
2122,July,July,1159,BAMMA,144,144,168,40727607,3456000,100,411,1854
2122,July,July,1159,BRAVE Combat Federation,144,144,168,68065864,3456000,100,411,1854
2122,July,July,1159,Cage Warriors,158,160,184,52226635,3840000,100,411,1854
2122,July,July,1159,KSW,152,160,184,72331755,3840000,100,411,1854
2122,July,July,1159,Legacy Fighting Alliance,139,144,168,47939601,3456000,99,411,1854
2122,July,July,1159,ONE Championship,196,200,224,81279386,4800000,99,411,1854
2122,July,July,1159,Oktagon MMA,156,160,184,82465344,3840000,100,411,1854
2122,July,July,1159,Professional Fighters League,191,200,224,102083104,4800000,100,411,1854
2122,July,July,1159,RIZIN Fighting Federation,170,176,200,76245729,4224000,99,411,1854
2122,July,July,1159,Ultimate Fighting Championship,260,280,304,126193217,6720000,100,411,1854
2122,December,December,1164,Absolute Championship Akhmat,144,144,168,69266892,3456000,99,409,1858
2122,December,December,1164,BAMMA,144,144,168,41156689,3456000,99,409,1858
2122,December,December,1164,BRAVE Combat Federation,144,144,168,65056044,3456000,99,409,1858
2122,December,December,1164,Cage Warriors,158,160,184,51894789,3840000,99,409,1858
2122,December,December,1164,KSW,153,160,184,74130712,3840000,99,409,1858
2122,December,December,1164,Legacy Fighting Alliance,140,144,168,48871056,3456000,99,409,1858
2122,December,December,1164,ONE Championship,197,200,224,86634706,4800000,99,409,1858
2122,December,December,1164,Oktagon MMA,159,160,184,82388697,3840000,99,409,1858
2122,December,December,1164,Professional Fighters League,189,200,224,97337739,4800000,99,409,1858
2122,December,December,1164,RIZIN Fighting Federation,172,176,200,71627820,4224000,99,409,1858
2122,December,December,1164,Ultimate Fighting Championship,258,280,304,123860577,6720000,99,409,1858
2123,July,July,1171,Absolute Championship Akhmat,144,144,168,74231814,3456000,100,409,1866
2123,July,July,1171,BAMMA,144,144,168,43426596,3456000,99,409,1866
2123,July,July,1171,BRAVE Combat Federation,144,144,168,66223806,3456000,99,409,1866
2123,July,July,1171,Cage Warriors,160,160,184,55329744,3840000,99,409,1866
2123,July,July,1171,KSW,155,160,184,79392493,3840000,100,409,1866
2123,July,July,1171,Legacy Fighting Alliance,143,144,168,47841633,3456000,99,409,1866
2123,July,July,1171,ONE Championship,195,200,224,82799922,4800000,99,409,1866
2123,July,July,1171,Oktagon MMA,160,160,184,85494714,3840000,100,409,1866
2123,July,July,1171,Professional Fighters League,191,200,224,92667254,4800000,98,409,1866
2123,July,July,1171,RIZIN Fighting Federation,174,176,200,75006720,4224000,100,409,1866
2123,July,July,1171,Ultimate Fighting Championship,256,280,304,126913671,6720000,100,409,1866
2123,December,December,1176,Absolute Championship Akhmat,143,144,168,76954776,3456000,99,409,1864
2123,December,December,1176,BAMMA,143,144,168,41876511,3456000,98,409,1864
2123,December,December,1176,BRAVE Combat Federation,143,144,168,65758875,3456000,99,409,1864
2123,December,December,1176,Cage Warriors,160,160,184,49593976,3840000,98,409,1864
2123,December,December,1176,KSW,155,160,184,81165263,3840000,99,409,1864
2123,December,December,1176,Legacy Fighting Alliance,144,144,168,46698752,3456000,99,409,1864
2123,December,December,1176,ONE Championship,193,200,224,85000756,4800000,99,409,1864
2123,December,December,1176,Oktagon MMA,159,160,184,83684298,3840000,99,409,1864
2123,December,December,1176,Professional Fighters League,193,200,224,89543211,4800000,98,409,1864
2123,December,December,1176,RIZIN Fighting Federation,172,176,200,74678058,4224000,99,409,1864
2123,December,December,1176,Ultimate Fighting Championship,259,280,304,119097270,6720000,99,409,1864
2124,July,July,1183,Absolute Championship Akhmat,143,144,168,69719716,3456000,98,409,1866
2124,July,July,1183,BAMMA,143,144,168,44080739,3456000,99,409,1866
2124,July,July,1183,BRAVE Combat Federation,144,144,168,66185913,3456000,99,409,1866
2124,July,July,1183,Cage Warriors,160,160,184,52528980,3840000,100,409,1866
2124,July,July,1183,KSW,160,160,184,80922693,3840000,99,409,1866
2124,July,July,1183,Legacy Fighting Alliance,144,144,168,48364042,3456000,100,409,1866
2124,July,July,1183,ONE Championship,189,200,224,90369564,4800000,100,409,1866
2124,July,July,1183,Oktagon MMA,160,160,184,90603273,3840000,100,409,1866
2124,July,July,1183,Professional Fighters League,192,200,224,89587992,4800000,99,409,1866
2124,July,July,1183,RIZIN Fighting Federation,171,176,200,78548153,4224000,100,409,1866
2124,July,July,1183,Ultimate Fighting Championship,260,280,304,129714917,6720000,100,409,1866
2124,December,December,1188,Absolute Championship Akhmat,144,144,168,62728500,3456000,97,412,1864
2124,December,December,1188,BAMMA,141,144,168,44755466,3456000,99,412,1864
2124,December,December,1188,BRAVE Combat Federation,144,144,168,64182236,3456000,99,412,1864
2124,December,December,1188,Cage Warriors,159,160,184,51926041,3840000,99,412,1864
2124,December,December,1188,KSW,160,160,184,74944984,3840000,99,412,1864
2124,December,December,1188,Legacy Fighting Alliance,144,144,168,46416805,3456000,99,412,1864
2124,December,December,1188,ONE Championship,190,200,224,91243618,4800000,99,412,1864
2124,December,December,1188,Oktagon MMA,160,160,184,90837800,3840000,99,412,1864
2124,December,December,1188,Professional Fighters League,192,200,224,87856086,4800000,99,412,1864
2124,December,December,1188,RIZIN Fighting Federation,171,176,200,76925027,4224000,99,412,1864
2124,December,December,1188,Ultimate Fighting Championship,259,280,304,113106716,6720000,98,412,1864
2125,July,July,1195,Absolute Championship Akhmat,144,144,168,63076216,3456000,99,411,1860
2125,July,July,1195,BAMMA,143,144,168,44885221,3456000,99,411,1860
2125,July,July,1195,BRAVE Combat Federation,138,144,168,67155514,3456000,100,411,1860
2125,July,July,1195,Cage Warriors,160,160,184,50456123,3840000,99,411,1860
2125,July,July,1195,KSW,157,160,184,74588103,3840000,99,411,1860
2125,July,July,1195,Legacy Fighting Alliance,144,144,168,49810394,3456000,100,411,1860
2125,July,July,1195,ONE Championship,188,200,224,96875246,4800000,99,411,1860
2125,July,July,1195,Oktagon MMA,160,160,184,90167350,3840000,99,411,1860
2125,July,July,1195,Professional Fighters League,193,200,224,92603504,4800000,99,411,1860
2125,July,July,1195,RIZIN Fighting Federation,174,176,200,75069052,4224000,99,411,1860
2125,July,July,1195,Ultimate Fighting Championship,259,280,304,115133069,6720000,100,411,1860
2125,December,December,1200,Absolute Championship Akhmat,142,144,168,60915834,3456000,99,410,1866
2125,December,December,1200,BAMMA,144,144,168,41697515,3456000,99,410,1866
2125,December,December,1200,BRAVE Combat Federation,143,144,168,64560364,3456000,99,410,1866
2125,December,December,1200,Cage Warriors,160,160,184,49010303,3840000,99,410,1866
2125,December,December,1200,KSW,157,160,184,72647612,3840000,99,410,1866
2125,December,December,1200,Legacy Fighting Alliance,144,144,168,51091680,3456000,99,410,1866
2125,December,December,1200,ONE Championship,188,200,224,95437480,4800000,99,410,1866
2125,December,December,1200,Oktagon MMA,158,160,184,87654251,3840000,99,410,1866
2125,December,December,1200,Professional Fighters League,194,200,224,85142767,4800000,98,410,1866
2125,December,December,1200,RIZIN Fighting Federation,176,176,200,74406269,4224000,99,410,1866
2125,December,December,1200,Ultimate Fighting Championship,260,280,304,106207300,6720000,99,410,1866
2126,July,July,1207,Absolute Championship Akhmat,143,144,168,61654158,3456000,99,412,1871
2126,July,July,1207,BAMMA,144,144,168,39425157,3456000,99,412,1871
2126,July,July,1207,BRAVE Combat Federation,144,144,168,68075486,3456000,99,412,1871
2126,July,July,1207,Cage Warriors,160,160,184,53074401,3840000,100,412,1871
2126,July,July,1207,KSW,160,160,184,70779254,3840000,100,412,1871
2126,July,July,1207,Legacy Fighting Alliance,144,144,168,54456197,3456000,100,412,1871
2126,July,July,1207,ONE Championship,189,200,224,93911854,4800000,99,412,1871
2126,July,July,1207,Oktagon MMA,160,160,184,96880312,3840000,100,412,1871
2126,July,July,1207,Professional Fighters League,193,200,224,84078025,4800000,100,412,1871
2126,July,July,1207,RIZIN Fighting Federation,174,176,200,79894875,4224000,100,412,1871
2126,July,July,1207,Ultimate Fighting Championship,260,280,304,107672249,6720000,100,412,1871
2126,December,December,1212,Absolute Championship Akhmat,144,144,168,66476794,3456000,99,411,1874
2126,December,December,1212,BAMMA,144,144,168,38156599,3456000,99,411,1874
2126,December,December,1212,BRAVE Combat Federation,144,144,168,65588448,3456000,99,411,1874
2126,December,December,1212,Cage Warriors,160,160,184,50942371,3840000,99,411,1874
2126,December,December,1212,KSW,160,160,184,63060530,3840000,99,411,1874
2126,December,December,1212,Legacy Fighting Alliance,144,144,168,55538147,3456000,99,411,1874
2126,December,December,1212,ONE Championship,192,200,224,90419571,4800000,99,411,1874
2126,December,December,1212,Oktagon MMA,160,160,184,100158096,3840000,99,411,1874
2126,December,December,1212,Professional Fighters League,193,200,224,79865421,4800000,99,411,1874
2126,December,December,1212,RIZIN Fighting Federation,174,176,200,75763948,4224000,99,411,1874
2126,December,December,1212,Ultimate Fighting Championship,259,280,304,117530902,6720000,99,411,1874
2127,July,July,1219,Absolute Championship Akhmat,144,144,168,68420023,3456000,99,411,1860
2127,July,July,1219,BAMMA,144,144,168,39821693,3456000,100,411,1860
2127,July,July,1219,BRAVE Combat Federation,143,144,168,62713066,3456000,99,411,1860
2127,July,July,1219,Cage Warriors,159,160,184,52061360,3840000,100,411,1860
2127,July,July,1219,KSW,156,160,184,69993961,3840000,100,411,1860
2127,July,July,1219,Legacy Fighting Alliance,141,144,168,54484060,3456000,99,411,1860
2127,July,July,1219,ONE Championship,191,200,224,87473102,4800000,99,411,1860
2127,July,July,1219,Oktagon MMA,159,160,184,102360130,3840000,100,411,1860
2127,July,July,1219,Professional Fighters League,191,200,224,86777722,4800000,100,411,1860
2127,July,July,1219,RIZIN Fighting Federation,174,176,200,75220279,4224000,99,411,1860
2127,July,July,1219,Ultimate Fighting Championship,258,280,304,119663350,6720000,100,411,1860
2127,December,December,1224,Absolute Championship Akhmat,143,144,168,66726959,3456000,99,411,1864
2127,December,December,1224,BAMMA,144,144,168,37902387,3456000,99,411,1864
2127,December,December,1224,BRAVE Combat Federation,144,144,168,62188058,3456000,99,411,1864
2127,December,December,1224,Cage Warriors,160,160,184,49717762,3840000,99,411,1864
2127,December,December,1224,KSW,157,160,184,66887838,3840000,99,411,1864
2127,December,December,1224,Legacy Fighting Alliance,144,144,168,52744955,3456000,99,411,1864
2127,December,December,1224,ONE Championship,190,200,224,88689537,4800000,99,411,1864
2127,December,December,1224,Oktagon MMA,160,160,184,95749278,3840000,99,411,1864
2127,December,December,1224,Professional Fighters League,188,200,224,81335663,4800000,99,411,1864
2127,December,December,1224,RIZIN Fighting Federation,175,176,200,73019772,4224000,99,411,1864
2127,December,December,1224,Ultimate Fighting Championship,259,280,304,119216577,6720000,99,411,1864
2128,July,July,1231,Absolute Championship Akhmat,143,144,168,68227136,3456000,100,410,1858
2128,July,July,1231,BAMMA,141,144,168,38041217,3456000,99,410,1858
2128,July,July,1231,BRAVE Combat Federation,144,144,168,61423377,3456000,99,410,1858
2128,July,July,1231,Cage Warriors,160,160,184,48411748,3840000,99,410,1858
2128,July,July,1231,KSW,160,160,184,71231470,3840000,100,410,1858
2128,July,July,1231,Legacy Fighting Alliance,144,144,168,52837891,3456000,100,410,1858
2128,July,July,1231,ONE Championship,191,200,224,86808130,4800000,100,410,1858
2128,July,July,1231,Oktagon MMA,159,160,184,100769768,3840000,99,410,1858
2128,July,July,1231,Professional Fighters League,186,200,224,78636518,4800000,99,410,1858
2128,July,July,1231,RIZIN Fighting Federation,171,176,200,79842187,4224000,100,410,1858
2128,July,July,1231,Ultimate Fighting Championship,259,280,304,122792317,6720000,100,410,1858
2128,December,December,1236,Absolute Championship Akhmat,144,144,168,64241589,3456000,99,412,1864
2128,December,December,1236,BAMMA,140,144,168,35725171,3456000,99,412,1864
2128,December,December,1236,BRAVE Combat Federation,143,144,168,61581295,3456000,99,412,1864
2128,December,December,1236,Cage Warriors,160,160,184,45605119,3840000,99,412,1864
2128,December,December,1236,KSW,159,160,184,74042458,3840000,99,412,1864
2128,December,December,1236,Legacy Fighting Alliance,144,144,168,49658383,3456000,99,412,1864
2128,December,December,1236,ONE Championship,192,200,224,80956928,4800000,99,412,1864
2128,December,December,1236,Oktagon MMA,160,160,184,97089589,3840000,99,412,1864
2128,December,December,1236,Professional Fighters League,187,200,224,75674129,4800000,99,412,1864
2128,December,December,1236,RIZIN Fighting Federation,173,176,200,77642994,4224000,99,412,1864
2128,December,December,1236,Ultimate Fighting Championship,262,280,304,118018150,6720000,99,412,1864
2129,July,July,1243,Absolute Championship Akhmat,143,144,168,62765182,3456000,100,409,1858
2129,July,July,1243,BAMMA,141,144,168,38284615,3456000,99,409,1858
2129,July,July,1243,BRAVE Combat Federation,144,144,168,60702928,3456000,99,409,1858
2129,July,July,1243,Cage Warriors,159,160,184,48718959,3840000,100,409,1858
2129,July,July,1243,KSW,160,160,184,81360658,3840000,100,409,1858
2129,July,July,1243,Legacy Fighting Alliance,142,144,168,44183640,3456000,98,409,1858
2129,July,July,1243,ONE Championship,194,200,224,86241009,4800000,100,409,1858
2129,July,July,1243,Oktagon MMA,159,160,184,94298759,3840000,100,409,1858
2129,July,July,1243,Professional Fighters League,185,200,224,93384122,4800000,100,409,1858
2129,July,July,1243,RIZIN Fighting Federation,173,176,200,83342003,4224000,100,409,1858
2129,July,July,1243,Ultimate Fighting Championship,258,280,304,116976019,6720000,100,409,1858
2129,December,December,1248,Absolute Championship Akhmat,144,144,168,67134794,3456000,99,411,1863
2129,December,December,1248,BAMMA,143,144,168,40140700,3456000,98,411,1863
2129,December,December,1248,BRAVE Combat Federation,142,144,168,61213186,3456000,99,411,1863
2129,December,December,1248,Cage Warriors,157,160,184,49301611,3840000,99,411,1863
2129,December,December,1248,KSW,160,160,184,76873690,3840000,99,411,1863
2129,December,December,1248,Legacy Fighting Alliance,141,144,168,44278741,3456000,98,411,1863
2129,December,December,1248,ONE Championship,196,200,224,92777962,4800000,99,411,1863
2129,December,December,1248,Oktagon MMA,160,160,184,89865055,3840000,99,411,1863
2129,December,December,1248,Professional Fighters League,185,200,224,93332862,4800000,99,411,1863
2129,December,December,1248,RIZIN Fighting Federation,174,176,200,86409151,4224000,99,411,1863
2129,December,December,1248,Ultimate Fighting Championship,261,280,304,118463015,6720000,99,411,1863
2130,July,July,1255,Absolute Championship Akhmat,143,144,168,70602226,3456000,99,409,1847
2130,July,July,1255,BAMMA,144,144,168,43325109,3456000,100,409,1847
2130,July,July,1255,BRAVE Combat Federation,139,144,168,62395089,3456000,100,409,1847
2130,July,July,1255,Cage Warriors,157,160,184,50983211,3840000,100,409,1847
2130,July,July,1255,KSW,160,160,184,79971172,3840000,100,409,1847
2130,July,July,1255,Legacy Fighting Alliance,143,144,168,47490000,3456000,99,409,1847
2130,July,July,1255,ONE Championship,189,200,224,86206363,4800000,99,409,1847
2130,July,July,1255,Oktagon MMA,159,160,184,96456082,3840000,100,409,1847
2130,July,July,1255,Professional Fighters League,181,200,224,103536050,4800000,100,409,1847
2130,July,July,1255,RIZIN Fighting Federation,174,176,200,88449347,4224000,99,409,1847
2130,July,July,1255,Ultimate Fighting Championship,258,280,304,119663824,6720000,100,409,1847
2130,December,December,1260,Absolute Championship Akhmat,143,144,168,74613702,3456000,99,410,1857
2130,December,December,1260,BAMMA,144,144,168,41062465,3456000,99,410,1857
2130,December,December,1260,BRAVE Combat Federation,143,144,168,59683083,3456000,99,410,1857
2130,December,December,1260,Cage Warriors,160,160,184,49808848,3840000,99,410,1857
2130,December,December,1260,KSW,159,160,184,80145171,3840000,99,410,1857
2130,December,December,1260,Legacy Fighting Alliance,142,144,168,44862768,3456000,99,410,1857
2130,December,December,1260,ONE Championship,192,200,224,85798674,4800000,99,410,1857
2130,December,December,1260,Oktagon MMA,160,160,184,92437354,3840000,99,410,1857
2130,December,December,1260,Professional Fighters League,182,200,224,104368342,4800000,99,410,1857
2130,December,December,1260,RIZIN Fighting Federation,174,176,200,90319094,4224000,99,410,1857
2130,December,December,1260,Ultimate Fighting Championship,258,280,304,121186671,6720000,99,410,1857
2131,July,July,1267,Absolute Championship Akhmat,143,144,168,82234018,3456000,99,410,1855
2131,July,July,1267,BAMMA,144,144,168,40780748,3456000,99,410,1855
2131,July,July,1267,BRAVE Combat Federation,139,144,168,65970083,3456000,100,410,1855
2131,July,July,1267,Cage Warriors,160,160,184,49967837,3840000,100,410,1855
2131,July,July,1267,KSW,160,160,184,79125710,3840000,100,410,1855
2131,July,July,1267,Legacy Fighting Alliance,144,144,168,44151473,3456000,99,410,1855
2131,July,July,1267,ONE Championship,191,200,224,84213327,4800000,99,410,1855
2131,July,July,1267,Oktagon MMA,160,160,184,88109132,3840000,99,410,1855
2131,July,July,1267,Professional Fighters League,183,200,224,102611788,4800000,99,410,1855
2131,July,July,1267,RIZIN Fighting Federation,173,176,200,90616862,4224000,99,410,1855
2131,July,July,1267,Ultimate Fighting Championship,258,280,304,126464148,6720000,99,410,1855
2131,December,December,1272,Absolute Championship Akhmat,144,144,168,77229788,3456000,99,409,1863
2131,December,December,1272,BAMMA,143,144,168,40527138,3456000,99,409,1863
2131,December,December,1272,BRAVE Combat Federation,141,144,168,64591297,3456000,99,409,1863
2131,December,December,1272,Cage Warriors,159,160,184,47602069,3840000,99,409,1863
2131,December,December,1272,KSW,158,160,184,73368581,3840000,99,409,1863
2131,December,December,1272,Legacy Fighting Alliance,144,144,168,45541806,3456000,99,409,1863
2131,December,December,1272,ONE Championship,193,200,224,79681453,4800000,99,409,1863
2131,December,December,1272,Oktagon MMA,160,160,184,82926069,3840000,99,409,1863
2131,December,December,1272,Professional Fighters League,185,200,224,96727752,4800000,99,409,1863
2131,December,December,1272,RIZIN Fighting Federation,175,176,200,81209988,4224000,98,409,1863
2131,December,December,1272,Ultimate Fighting Championship,261,280,304,135442112,6720000,99,409,1863
2132,July,July,1279,Absolute Championship Akhmat,144,144,168,80725421,3456000,99,410,1857
2132,July,July,1279,BAMMA,144,144,168,43469231,3456000,100,410,1857
2132,July,July,1279,BRAVE Combat Federation,143,144,168,67160767,3456000,100,410,1857
2132,July,July,1279,Cage Warriors,156,160,184,44179114,3840000,98,410,1857
2132,July,July,1279,KSW,160,160,184,72908148,3840000,99,410,1857
2132,July,July,1279,Legacy Fighting Alliance,141,144,168,49147112,3456000,99,410,1857
2132,July,July,1279,ONE Championship,189,200,224,95223355,4800000,99,410,1857
2132,July,July,1279,Oktagon MMA,160,160,184,85486187,3840000,99,410,1857
2132,July,July,1279,Professional Fighters League,186,200,224,97077287,4800000,100,410,1857
2132,July,July,1279,RIZIN Fighting Federation,176,176,200,74713954,4224000,98,410,1857
2132,July,July,1279,Ultimate Fighting Championship,258,280,304,132418741,6720000,100,410,1857
2132,December,December,1284,Absolute Championship Akhmat,143,144,168,79528407,3456000,99,411,1861
2132,December,December,1284,BAMMA,144,144,168,41984201,3456000,99,411,1861
2132,December,December,1284,BRAVE Combat Federation,144,144,168,62783072,3456000,99,411,1861
2132,December,December,1284,Cage Warriors,154,160,184,42344160,3840000,99,411,1861
2132,December,December,1284,KSW,160,160,184,78520849,3840000,99,411,1861
2132,December,December,1284,Legacy Fighting Alliance,144,144,168,52955014,3456000,99,411,1861
2132,December,December,1284,ONE Championship,192,200,224,89075684,4800000,99,411,1861
2132,December,December,1284,Oktagon MMA,158,160,184,80492664,3840000,99,411,1861
2132,December,December,1284,Professional Fighters League,188,200,224,97009692,4800000,99,411,1861
2132,December,December,1284,RIZIN Fighting Federation,175,176,200,72263506,4224000,98,411,1861
2132,December,December,1284,Ultimate Fighting Championship,259,280,304,123272650,6720000,98,411,1861
2133,July,July,1291,Absolute Championship Akhmat,142,144,168,79173958,3456000,99,410,1861
2133,July,July,1291,BAMMA,144,144,168,39995643,3456000,99,410,1861
2133,July,July,1291,BRAVE Combat Federation,144,144,168,66513046,3456000,99,410,1861
2133,July,July,1291,Cage Warriors,155,160,184,48559603,3840000,100,410,1861
2133,July,July,1291,KSW,158,160,184,79990073,3840000,100,410,1861
2133,July,July,1291,Legacy Fighting Alliance,144,144,168,52112464,3456000,99,410,1861
2133,July,July,1291,ONE Championship,194,200,224,94842390,4800000,100,410,1861
2133,July,July,1291,Oktagon MMA,156,160,184,89305444,3840000,100,410,1861
2133,July,July,1291,Professional Fighters League,190,200,224,101694635,4800000,99,410,1861
2133,July,July,1291,RIZIN Fighting Federation,176,176,200,69391606,4224000,99,410,1861
2133,July,July,1291,Ultimate Fighting Championship,258,280,304,128527259,6720000,99,410,1861
2133,December,December,1296,Absolute Championship Akhmat,143,144,168,81897758,3456000,99,409,1859
2133,December,December,1296,BAMMA,143,144,168,38367206,3456000,98,409,1859
2133,December,December,1296,BRAVE Combat Federation,144,144,168,67641320,3456000,99,409,1859
2133,December,December,1296,Cage Warriors,154,160,184,45809606,3840000,99,409,1859
2133,December,December,1296,KSW,157,160,184,73245561,3840000,99,409,1859
2133,December,December,1296,Legacy Fighting Alliance,144,144,168,48864017,3456000,99,409,1859
2133,December,December,1296,ONE Championship,193,200,224,93443431,4800000,99,409,1859
2133,December,December,1296,Oktagon MMA,156,160,184,84067052,3840000,98,409,1859
2133,December,December,1296,Professional Fighters League,191,200,224,97964165,4800000,99,409,1859
2133,December,December,1296,RIZIN Fighting Federation,176,176,200,65889421,4224000,99,409,1859
2133,December,December,1296,Ultimate Fighting Championship,258,280,304,126388959,6720000,99,409,1859
2134,July,July,1303,Absolute Championship Akhmat,141,144,168,82816197,3456000,100,410,1853
2134,July,July,1303,BAMMA,141,144,168,38640650,3456000,99,410,1853
2134,July,July,1303,BRAVE Combat Federation,144,144,168,64016631,3456000,99,410,1853
2134,July,July,1303,Cage Warriors,158,160,184,50638218,3840000,100,410,1853
2134,July,July,1303,KSW,156,160,184,76596635,3840000,100,410,1853
2134,July,July,1303,Legacy Fighting Alliance,143,144,168,46175967,3456000,98,410,1853
2134,July,July,1303,ONE Championship,191,200,224,91678818,4800000,100,410,1853
2134,July,July,1303,Oktagon MMA,157,160,184,76472219,3840000,98,410,1853
2134,July,July,1303,Professional Fighters League,189,200,224,99740668,4800000,99,410,1853
2134,July,July,1303,RIZIN Fighting Federation,174,176,200,76759262,4224000,100,410,1853
2134,July,July,1303,Ultimate Fighting Championship,259,280,304,134972955,6720000,99,410,1853
2134,December,December,1308,Absolute Championship Akhmat,143,144,168,81475811,3456000,99,409,1860
2134,December,December,1308,BAMMA,144,144,168,38094714,3456000,99,409,1860
2134,December,December,1308,BRAVE Combat Federation,143,144,168,58989721,3456000,99,409,1860
2134,December,December,1308,Cage Warriors,159,160,184,52336796,3840000,99,409,1860
2134,December,December,1308,KSW,158,160,184,73759788,3840000,99,409,1860
2134,December,December,1308,Legacy Fighting Alliance,144,144,168,50205518,3456000,99,409,1860
2134,December,December,1308,ONE Championship,193,200,224,82672790,4800000,98,409,1860
2134,December,December,1308,Oktagon MMA,153,160,184,81431131,3840000,99,409,1860
2134,December,December,1308,Professional Fighters League,191,200,224,96108195,4800000,99,409,1860
2134,December,December,1308,RIZIN Fighting Federation,174,176,200,73483594,4224000,99,409,1860
2134,December,December,1308,Ultimate Fighting Championship,258,280,304,136729468,6720000,99,409,1860
2135,July,July,1315,Absolute Championship Akhmat,142,144,168,83700937,3456000,99,410,1858
2135,July,July,1315,BAMMA,144,144,168,40185571,3456000,99,410,1858
2135,July,July,1315,BRAVE Combat Federation,144,144,168,54687257,3456000,98,410,1858
2135,July,July,1315,Cage Warriors,156,160,184,52058293,3840000,99,410,1858
2135,July,July,1315,KSW,154,160,184,74908586,3840000,100,410,1858
2135,July,July,1315,Legacy Fighting Alliance,144,144,168,57037395,3456000,100,410,1858
2135,July,July,1315,ONE Championship,191,200,224,82704359,4800000,99,410,1858
2135,July,July,1315,Oktagon MMA,156,160,184,83615316,3840000,99,410,1858
2135,July,July,1315,Professional Fighters League,193,200,224,93673238,4800000,100,410,1858
2135,July,July,1315,RIZIN Fighting Federation,176,176,200,70184885,4224000,99,410,1858
2135,July,July,1315,Ultimate Fighting Championship,258,280,304,141136972,6720000,100,410,1858
2135,December,December,1320,Absolute Championship Akhmat,144,144,168,78411506,3456000,99,409,1863
2135,December,December,1320,BAMMA,144,144,168,39467153,3456000,99,409,1863
2135,December,December,1320,BRAVE Combat Federation,144,144,168,57100590,3456000,99,409,1863
2135,December,December,1320,Cage Warriors,158,160,184,51271006,3840000,99,409,1863
2135,December,December,1320,KSW,155,160,184,68360671,3840000,99,409,1863
2135,December,December,1320,Legacy Fighting Alliance,143,144,168,55655195,3456000,99,409,1863
2135,December,December,1320,ONE Championship,192,200,224,83866942,4800000,99,409,1863
2135,December,December,1320,Oktagon MMA,159,160,184,86439571,3840000,99,409,1863
2135,December,December,1320,Professional Fighters League,193,200,224,94818073,4800000,99,409,1863
2135,December,December,1320,RIZIN Fighting Federation,173,176,200,66917313,4224000,98,409,1863
2135,December,December,1320,Ultimate Fighting Championship,258,280,304,132992449,6720000,99,409,1863
2136,July,July,1327,Absolute Championship Akhmat,142,144,168,79267403,3456000,100,410,1865
2136,July,July,1327,BAMMA,144,144,168,40595603,3456000,100,410,1865
2136,July,July,1327,BRAVE Combat Federation,144,144,168,57561502,3456000,100,410,1865
2136,July,July,1327,Cage Warriors,159,160,184,56653242,3840000,100,410,1865
2136,July,July,1327,KSW,159,160,184,68547140,3840000,100,410,1865
2136,July,July,1327,Legacy Fighting Alliance,143,144,168,56612761,3456000,100,410,1865
2136,July,July,1327,ONE Championship,188,200,224,85703722,4800000,100,410,1865
2136,July,July,1327,Oktagon MMA,158,160,184,88578531,3840000,100,410,1865
2136,July,July,1327,Professional Fighters League,196,200,224,95925033,4800000,100,410,1865
2136,July,July,1327,RIZIN Fighting Federation,176,176,200,73072313,4224000,99,410,1865
2136,July,July,1327,Ultimate Fighting Championship,256,280,304,132577039,6720000,99,410,1865
2136,December,December,1332,Absolute Championship Akhmat,144,144,168,75549704,3456000,99,411,1869
2136,December,December,1332,BAMMA,144,144,168,40236765,3456000,99,411,1869
2136,December,December,1332,BRAVE Combat Federation,144,144,168,55744013,3456000,99,411,1869
2136,December,December,1332,Cage Warriors,159,160,184,56235461,3840000,99,411,1869
2136,December,December,1332,KSW,160,160,184,69189399,3840000,99,411,1869
2136,December,December,1332,Legacy Fighting Alliance,142,144,168,54894904,3456000,99,411,1869
2136,December,December,1332,ONE Championship,187,200,224,80965060,4800000,99,411,1869
2136,December,December,1332,Oktagon MMA,160,160,184,88639871,3840000,99,411,1869
2136,December,December,1332,Professional Fighters League,196,200,224,93627699,4800000,99,411,1869
2136,December,December,1332,RIZIN Fighting Federation,175,176,200,73272302,4224000,99,411,1869
2136,December,December,1332,Ultimate Fighting Championship,258,280,304,126334310,6720000,99,411,1869
2137,July,July,1339,Absolute Championship Akhmat,144,144,168,77867026,3456000,100,411,1861
2137,July,July,1339,BAMMA,144,144,168,41520317,3456000,99,411,1861
2137,July,July,1339,BRAVE Combat Federation,144,144,168,60731814,3456000,100,411,1861
2137,July,July,1339,Cage Warriors,159,160,184,59023649,3840000,100,411,1861
2137,July,July,1339,KSW,160,160,184,70085100,3840000,100,411,1861
2137,July,July,1339,Legacy Fighting Alliance,143,144,168,52546002,3456000,99,411,1861
2137,July,July,1339,ONE Championship,186,200,224,86038515,4800000,100,411,1861
2137,July,July,1339,Oktagon MMA,157,160,184,98294240,3840000,100,411,1861
2137,July,July,1339,Professional Fighters League,191,200,224,96308621,4800000,100,411,1861
2137,July,July,1339,RIZIN Fighting Federation,175,176,200,82387118,4224000,99,411,1861
2137,July,July,1339,Ultimate Fighting Championship,258,280,304,123167945,6720000,100,411,1861
2137,December,December,1344,Absolute Championship Akhmat,143,144,168,78282304,3456000,99,410,1865
2137,December,December,1344,BAMMA,144,144,168,42366065,3456000,99,410,1865
2137,December,December,1344,BRAVE Combat Federation,144,144,168,64183355,3456000,99,410,1865
2137,December,December,1344,Cage Warriors,160,160,184,57510688,3840000,99,410,1865
2137,December,December,1344,KSW,160,160,184,70411922,3840000,99,410,1865
2137,December,December,1344,Legacy Fighting Alliance,144,144,168,50921578,3456000,98,410,1865
2137,December,December,1344,ONE Championship,186,200,224,82025893,4800000,99,410,1865
2137,December,December,1344,Oktagon MMA,158,160,184,89167848,3840000,98,410,1865
2137,December,December,1344,Professional Fighters League,194,200,224,95759691,4800000,99,410,1865
2137,December,December,1344,RIZIN Fighting Federation,175,176,200,83198332,4224000,99,410,1865
2137,December,December,1344,Ultimate Fighting Championship,257,280,304,116844272,6720000,99,410,1865
2138,July,July,1351,Absolute Championship Akhmat,144,144,168,73806836,3456000,100,410,1852
2138,July,July,1351,BAMMA,143,144,168,43905830,3456000,98,410,1852
2138,July,July,1351,BRAVE Combat Federation,144,144,168,62011366,3456000,99,410,1852
2138,July,July,1351,Cage Warriors,160,160,184,56258608,3840000,99,410,1852
2138,July,July,1351,KSW,160,160,184,76343485,3840000,100,410,1852
2138,July,July,1351,Legacy Fighting Alliance,144,144,168,51813302,3456000,99,410,1852
2138,July,July,1351,ONE Championship,184,200,224,84359110,4800000,100,410,1852
2138,July,July,1351,Oktagon MMA,157,160,184,84754475,3840000,98,410,1852
2138,July,July,1351,Professional Fighters League,192,200,224,94200162,4800000,99,410,1852
2138,July,July,1351,RIZIN Fighting Federation,168,176,200,80256672,4224000,99,410,1852
2138,July,July,1351,Ultimate Fighting Championship,256,280,304,118577227,6720000,99,410,1852
2138,December,December,1356,Absolute Championship Akhmat,144,144,168,71055924,3456000,99,412,1863
2138,December,December,1356,BAMMA,144,144,168,42566092,3456000,99,412,1863
2138,December,December,1356,BRAVE Combat Federation,143,144,168,65701785,3456000,99,412,1863
2138,December,December,1356,Cage Warriors,159,160,184,53388206,3840000,99,412,1863
2138,December,December,1356,KSW,159,160,184,71286688,3840000,99,412,1863
2138,December,December,1356,Legacy Fighting Alliance,144,144,168,51140913,3456000,99,412,1863
2138,December,December,1356,ONE Championship,187,200,224,87631314,4800000,99,412,1863
2138,December,December,1356,Oktagon MMA,160,160,184,76803487,3840000,97,412,1863
2138,December,December,1356,Professional Fighters League,195,200,224,94372581,4800000,99,412,1863
2138,December,December,1356,RIZIN Fighting Federation,171,176,200,80821140,4224000,99,412,1863
2138,December,December,1356,Ultimate Fighting Championship,257,280,304,123716727,6720000,99,412,1863
2139,July,July,1363,Absolute Championship Akhmat,144,144,168,72831737,3456000,99,411,1863
2139,July,July,1363,BAMMA,140,144,168,44631786,3456000,100,411,1863
2139,July,July,1363,BRAVE Combat Federation,144,144,168,68436952,3456000,99,411,1863
2139,July,July,1363,Cage Warriors,160,160,184,53664952,3840000,99,411,1863
2139,July,July,1363,KSW,158,160,184,66925591,3840000,99,411,1863
2139,July,July,1363,Legacy Fighting Alliance,144,144,168,51682999,3456000,100,411,1863
2139,July,July,1363,ONE Championship,188,200,224,90376995,4800000,99,411,1863
2139,July,July,1363,Oktagon MMA,160,160,184,85996562,3840000,99,411,1863
2139,July,July,1363,Professional Fighters League,197,200,224,99533237,4800000,100,411,1863
2139,July,July,1363,RIZIN Fighting Federation,171,176,200,81392145,4224000,98,411,1863
2139,July,July,1363,Ultimate Fighting Championship,257,280,304,137987757,6720000,100,411,1863
2139,December,December,1368,Absolute Championship Akhmat,142,144,168,73615628,3456000,99,410,1866
2139,December,December,1368,BAMMA,140,144,168,43671456,3456000,99,410,1866
2139,December,December,1368,BRAVE Combat Federation,141,144,168,68041782,3456000,99,410,1866
2139,December,December,1368,Cage Warriors,159,160,184,56529012,3840000,99,410,1866
2139,December,December,1368,KSW,160,160,184,72864566,3840000,99,410,1866
2139,December,December,1368,Legacy Fighting Alliance,144,144,168,53704496,3456000,99,410,1866
2139,December,December,1368,ONE Championship,192,200,224,88238777,4800000,99,410,1866
2139,December,December,1368,Oktagon MMA,158,160,184,80852176,3840000,99,410,1866
2139,December,December,1368,Professional Fighters League,198,200,224,100502366,4800000,99,410,1866
2139,December,December,1368,RIZIN Fighting Federation,171,176,200,74158746,4224000,97,410,1866
2139,December,December,1368,Ultimate Fighting Championship,261,280,304,133177329,6720000,99,410,1866
2140,July,July,1375,Absolute Championship Akhmat,143,144,168,70349248,3456000,100,412,1873
2140,July,July,1375,BAMMA,142,144,168,43424678,3456000,99,412,1873
2140,July,July,1375,BRAVE Combat Federation,144,144,168,68863525,3456000,100,412,1873
2140,July,July,1375,Cage Warriors,160,160,184,57068079,3840000,100,412,1873
2140,July,July,1375,KSW,160,160,184,73384580,3840000,99,412,1873
2140,July,July,1375,Legacy Fighting Alliance,141,144,168,51544609,3456000,99,412,1873
2140,July,July,1375,ONE Championship,193,200,224,83660800,4800000,99,412,1873
2140,July,July,1375,Oktagon MMA,158,160,184,79552237,3840000,99,412,1873
2140,July,July,1375,Professional Fighters League,199,200,224,103712032,4800000,100,412,1873
2140,July,July,1375,RIZIN Fighting Federation,170,176,200,74250484,4224000,99,412,1873
2140,July,July,1375,Ultimate Fighting Championship,263,280,304,129277027,6720000,99,412,1873
2140,December,December,1380,Absolute Championship Akhmat,142,144,168,66405988,3456000,99,410,1864
2140,December,December,1380,BAMMA,144,144,168,44541481,3456000,99,410,1864
2140,December,December,1380,BRAVE Combat Federation,141,144,168,65978735,3456000,99,410,1864
2140,December,December,1380,Cage Warriors,160,160,184,52928512,3840000,99,410,1864
2140,December,December,1380,KSW,160,160,184,71979929,3840000,99,410,1864
2140,December,December,1380,Legacy Fighting Alliance,141,144,168,51650444,3456000,99,410,1864
2140,December,December,1380,ONE Championship,193,200,224,81753112,4800000,99,410,1864
2140,December,December,1380,Oktagon MMA,158,160,184,83337696,3840000,99,410,1864
2140,December,December,1380,Professional Fighters League,197,200,224,100391986,4800000,99,410,1864
2140,December,December,1380,RIZIN Fighting Federation,169,176,200,67464442,4224000,98,410,1864
2140,December,December,1380,Ultimate Fighting Championship,259,280,304,124596765,6720000,99,410,1864
2141,July,July,1387,Absolute Championship Akhmat,143,144,168,71233078,3456000,100,409,1854
2141,July,July,1387,BAMMA,143,144,168,42288814,3456000,98,409,1854
2141,July,July,1387,BRAVE Combat Federation,137,144,168,63391278,3456000,100,409,1854
2141,July,July,1387,Cage Warriors,156,160,184,53355680,3840000,100,409,1854
2141,July,July,1387,KSW,158,160,184,70337781,3840000,99,409,1854
2141,July,July,1387,Legacy Fighting Alliance,141,144,168,51158946,3456000,99,409,1854
2141,July,July,1387,ONE Championship,193,200,224,74499542,4800000,98,409,1854
2141,July,July,1387,Oktagon MMA,155,160,184,81338693,3840000,100,409,1854
2141,July,July,1387,Professional Fighters League,198,200,224,95367735,4800000,99,409,1854
2141,July,July,1387,RIZIN Fighting Federation,169,176,200,76195711,4224000,100,409,1854
2141,July,July,1387,Ultimate Fighting Championship,261,280,304,124995969,6720000,100,409,1854
2141,December,December,1392,Absolute Championship Akhmat,141,144,168,69682301,3456000,99,409,1863
2141,December,December,1392,BAMMA,142,144,168,41714575,3456000,99,409,1863
2141,December,December,1392,BRAVE Combat Federation,140,144,168,61388082,3456000,99,409,1863
2141,December,December,1392,Cage Warriors,158,160,184,54022694,3840000,99,409,1863
2141,December,December,1392,KSW,157,160,184,64426819,3840000,99,409,1863
2141,December,December,1392,Legacy Fighting Alliance,144,144,168,47427124,3456000,99,409,1863
2141,December,December,1392,ONE Championship,192,200,224,74645963,4800000,99,409,1863
2141,December,December,1392,Oktagon MMA,158,160,184,86081761,3840000,99,409,1863
2141,December,December,1392,Professional Fighters League,197,200,224,102665703,4800000,99,409,1863
2141,December,December,1392,RIZIN Fighting Federation,174,176,200,72366197,4224000,99,409,1863
2141,December,December,1392,Ultimate Fighting Championship,260,280,304,140170443,6720000,99,409,1863
2142,July,July,1399,Absolute Championship Akhmat,144,144,168,71283134,3456000,100,409,1865
2142,July,July,1399,BAMMA,143,144,168,39293859,3456000,98,409,1865
2142,July,July,1399,BRAVE Combat Federation,138,144,168,68024074,3456000,100,409,1865
2142,July,July,1399,Cage Warriors,158,160,184,54984007,3840000,100,409,1865
2142,July,July,1399,KSW,156,160,184,65905851,3840000,100,409,1865
2142,July,July,1399,Legacy Fighting Alliance,144,144,168,48574252,3456000,100,409,1865
2142,July,July,1399,ONE Championship,197,200,224,81756428,4800000,100,409,1865
2142,July,July,1399,Oktagon MMA,159,160,184,89419912,3840000,100,409,1865
2142,July,July,1399,Professional Fighters League,194,200,224,96425205,4800000,98,409,1865
2142,July,July,1399,RIZIN Fighting Federation,175,176,200,68032785,4224000,99,409,1865
2142,July,July,1399,Ultimate Fighting Championship,257,280,304,134731299,6720000,99,409,1865
2142,December,December,1404,Absolute Championship Akhmat,144,144,168,65613583,3456000,99,410,1866
2142,December,December,1404,BAMMA,142,144,168,37115002,3456000,98,410,1866
2142,December,December,1404,BRAVE Combat Federation,140,144,168,64309658,3456000,99,410,1866
2142,December,December,1404,Cage Warriors,157,160,184,51741486,3840000,99,410,1866
2142,December,December,1404,KSW,155,160,184,60513279,3840000,99,410,1866
2142,December,December,1404,Legacy Fighting Alliance,144,144,168,44718310,3456000,98,410,1866
2142,December,December,1404,ONE Championship,197,200,224,83846159,4800000,99,410,1866
2142,December,December,1404,Oktagon MMA,160,160,184,90334514,3840000,99,410,1866
2142,December,December,1404,Professional Fighters League,194,200,224,88912940,4800000,98,410,1866
2142,December,December,1404,RIZIN Fighting Federation,174,176,200,64289908,4224000,99,410,1866
2142,December,December,1404,Ultimate Fighting Championship,259,280,304,134341630,6720000,99,410,1866
2143,July,July,1411,Absolute Championship Akhmat,144,144,168,62389151,3456000,99,411,1861
2143,July,July,1411,BAMMA,143,144,168,37527996,3456000,100,411,1861
2143,July,July,1411,BRAVE Combat Federation,140,144,168,68859987,3456000,100,411,1861
2143,July,July,1411,Cage Warriors,156,160,184,49305706,3840000,99,411,1861
2143,July,July,1411,KSW,155,160,184,56510363,3840000,99,411,1861
2143,July,July,1411,Legacy Fighting Alliance,144,144,168,48867968,3456000,100,411,1861
2143,July,July,1411,ONE Championship,198,200,224,95144762,4800000,100,411,1861
2143,July,July,1411,Oktagon MMA,160,160,184,85418450,3840000,99,411,1861
2143,July,July,1411,Professional Fighters League,191,200,224,100573984,4800000,100,411,1861
2143,July,July,1411,RIZIN Fighting Federation,172,176,200,62433352,4224000,99,411,1861
2143,July,July,1411,Ultimate Fighting Championship,258,280,304,133587548,6720000,100,411,1861
2143,December,December,1416,Absolute Championship Akhmat,144,144,168,59231704,3456000,99,410,1862
2143,December,December,1416,BAMMA,144,144,168,38910661,3456000,99,410,1862
2143,December,December,1416,BRAVE Combat Federation,142,144,168,66399720,3456000,99,410,1862
2143,December,December,1416,Cage Warriors,157,160,184,46452006,3840000,99,410,1862
2143,December,December,1416,KSW,154,160,184,58279065,3840000,99,410,1862
2143,December,December,1416,Legacy Fighting Alliance,144,144,168,47567762,3456000,99,410,1862
2143,December,December,1416,ONE Championship,195,200,224,97045208,4800000,99,410,1862
2143,December,December,1416,Oktagon MMA,160,160,184,84868013,3840000,99,410,1862
2143,December,December,1416,Professional Fighters League,192,200,224,102639855,4800000,99,410,1862
2143,December,December,1416,RIZIN Fighting Federation,172,176,200,66057911,4224000,99,410,1862
2143,December,December,1416,Ultimate Fighting Championship,258,280,304,132148373,6720000,99,410,1862
2144,July,July,1423,Absolute Championship Akhmat,144,144,168,58714674,3456000,100,410,1846
2144,July,July,1423,BAMMA,142,144,168,40641961,3456000,100,410,1846
2144,July,July,1423,BRAVE Combat Federation,142,144,168,66692102,3456000,99,410,1846
2144,July,July,1423,Cage Warriors,157,160,184,53282886,3840000,99,410,1846
2144,July,July,1423,KSW,151,160,184,68115318,3840000,99,410,1846
2144,July,July,1423,Legacy Fighting Alliance,141,144,168,42706448,3456000,98,410,1846
2144,July,July,1423,ONE Championship,197,200,224,98724269,4800000,99,410,1846
2144,July,July,1423,Oktagon MMA,157,160,184,88852865,3840000,100,410,1846
2144,July,July,1423,Professional Fighters League,187,200,224,102752029,4800000,99,410,1846
2144,July,July,1423,RIZIN Fighting Federation,170,176,200,76444974,4224000,100,410,1846
2144,July,July,1423,Ultimate Fighting Championship,258,280,304,132715269,6720000,99,410,1846
2144,December,December,1428,Absolute Championship Akhmat,143,144,168,58665590,3456000,99,410,1854
2144,December,December,1428,BAMMA,143,144,168,43668845,3456000,99,410,1854
2144,December,December,1428,BRAVE Combat Federation,142,144,168,65082338,3456000,99,410,1854
2144,December,December,1428,Cage Warriors,159,160,184,51164522,3840000,99,410,1854
2144,December,December,1428,KSW,156,160,184,67369087,3840000,99,410,1854
2144,December,December,1428,Legacy Fighting Alliance,140,144,168,39177546,3456000,97,410,1854
2144,December,December,1428,ONE Championship,192,200,224,89526806,4800000,98,410,1854
2144,December,December,1428,Oktagon MMA,160,160,184,84193905,3840000,99,410,1854
2144,December,December,1428,Professional Fighters League,188,200,224,101907005,4800000,99,410,1854
2144,December,December,1428,RIZIN Fighting Federation,171,176,200,73145527,4224000,99,410,1854
2144,December,December,1428,Ultimate Fighting Championship,260,280,304,120934305,6720000,98,410,1854
2145,July,July,1435,Absolute Championship Akhmat,144,144,168,59831189,3456000,100,412,1858
2145,July,July,1435,BAMMA,144,144,168,43519004,3456000,99,412,1858
2145,July,July,1435,BRAVE Combat Federation,144,144,168,63107548,3456000,100,412,1858
2145,July,July,1435,Cage Warriors,160,160,184,52317464,3840000,100,412,1858
2145,July,July,1435,KSW,152,160,184,66437135,3840000,99,412,1858
2145,July,July,1435,Legacy Fighting Alliance,144,144,168,43608066,3456000,99,412,1858
2145,July,July,1435,ONE Championship,193,200,224,100688962,4800000,100,412,1858
2145,July,July,1435,Oktagon MMA,159,160,184,87611534,3840000,99,412,1858
2145,July,July,1435,Professional Fighters League,189,200,224,95289157,4800000,99,412,1858
2145,July,July,1435,RIZIN Fighting Federation,170,176,200,72895437,4224000,99,412,1858
2145,July,July,1435,Ultimate Fighting Championship,259,280,304,128098996,6720000,100,412,1858
2145,December,December,1440,Absolute Championship Akhmat,144,144,168,57499852,3456000,99,409,1864
2145,December,December,1440,BAMMA,142,144,168,41909264,3456000,99,409,1864
2145,December,December,1440,BRAVE Combat Federation,143,144,168,61445953,3456000,99,409,1864
2145,December,December,1440,Cage Warriors,158,160,184,56468791,3840000,99,409,1864
2145,December,December,1440,KSW,156,160,184,58476721,3840000,98,409,1864
2145,December,December,1440,Legacy Fighting Alliance,143,144,168,47590156,3456000,99,409,1864
2145,December,December,1440,ONE Championship,194,200,224,95675668,4800000,99,409,1864
2145,December,December,1440,Oktagon MMA,160,160,184,84288462,3840000,99,409,1864
2145,December,December,1440,Professional Fighters League,190,200,224,94091564,4800000,99,409,1864
2145,December,December,1440,RIZIN Fighting Federation,173,176,200,77586782,4224000,99,409,1864
2145,December,December,1440,Ultimate Fighting Championship,261,280,304,124777317,6720000,99,409,1864
2146,July,July,1447,Absolute Championship Akhmat,144,144,168,60475619,3456000,100,411,1865
2146,July,July,1447,BAMMA,144,144,168,46127433,3456000,100,411,1865
2146,July,July,1447,BRAVE Combat Federation,144,144,168,60730511,3456000,100,411,1865
2146,July,July,1447,Cage Warriors,157,160,184,54368347,3840000,100,411,1865
2146,July,July,1447,KSW,154,160,184,59174846,3840000,99,411,1865
2146,July,July,1447,Legacy Fighting Alliance,144,144,168,46669779,3456000,100,411,1865
2146,July,July,1447,ONE Championship,193,200,224,109302301,4800000,99,411,1865
2146,July,July,1447,Oktagon MMA,160,160,184,86437874,3840000,100,411,1865
2146,July,July,1447,Professional Fighters League,192,200,224,96149613,4800000,99,411,1865
2146,July,July,1447,RIZIN Fighting Federation,173,176,200,83827089,4224000,99,411,1865
2146,July,July,1447,Ultimate Fighting Championship,260,280,304,127388921,6720000,99,411,1865
